BC,BSC,BSC Budget Bottom 10%,BSC Budget Bottom 25%,BSC Budget Average,BSC Budget Top 25%,BSC Budget Top 10%,BSC CPL Top 10%,BSC CPL Top 25%,BSC CPL Avg,BSC CPL Bottom 25%,BSC CPL Bottom 10%,MCID Avg CPC,BSC CPC Top 10%,BSC CPC Top 25%,BSC CPC Average,BSC CPC Bottom 25%,BSC CPC Bottom 10%
Animals & Pets,Funeral Services / Cemeteries,1125,1125,1597.54,1700,3000,6.05,7.39,15.33,30.88,61.56,1.43,1.4,1.63,3.22,6.17,8.25
Animals & Pets,Kennels & Pet Boarding,500,700,1456.31,1700,2500,3.86,9.39,25.53,73.7,175.91,1.57,1.73,2.39,3.86,6.49,9.49
Animals & Pets,Dog & Cat Food and Supplies,500,750,1942.63,3000,3500,25.79,39.25,64.07,104.58,157.59,2.77,1.79,2.32,2.97,4.14,5.42
Animals & Pets,Pet Grooming,500,750,954.54,1000,1450,6.75,11.47,25.53,57.4,112.17,3.68,1.62,2.44,3.42,5.81,7.77
Animals & Pets,z - Other (Specify Keywords Below),750,1000,1635.61,1400,2900,14.73,22.42,52.98,120.3,242.26,3.87,2.1,2.86,5.87,12.3,20.29
Animals & Pets,Pet Training,700,850,1341.9,1700,2000,6.96,46.06,71.52,156.02,290.03,8.26,1.03,6.89,7.03,10.8,15.18
Animals & Pets,Pets for Sale,,,,,,,,,,,2.05,,,,,
Animals & Pets,Pet Adoption,,,,,,,,,,,1.04,,,,,
Animals & Pets,Veterinarians,1000,1200,1954.09,2000,4575,5.58,9.87,21.76,44.7,92.76,2.66,1.93,3.16,4.14,5.47,9.49
Animals & Pets,Breeding Services,1400,1800,2152.89,1800,3000,41.68,56.83,88.23,115.58,249.64,2.42,1.68,2.01,2.29,2.44,2.94
Animals & Pets,Animal Health & Medicine,750,1150,1680.84,2250,2400,3.63,5.53,17.46,50.4,115.58,2.91,1.19,1.9,3.1,4.9,9.78
Animals & Pets,Animal Shelters,800,1500,1498.46,1800,1800,17.29,20.91,35.87,51.94,89.12,1.89,0.69,0.86,1.6,1.62,8.41
Animals & Pets,"Horses, Horse Supplies & Equestrian Services",1300,1300,1992.08,2400,2850,20.91,29.96,51.42,77.48,259.82,1.83,1.51,1.82,2.66,3.86,4.48
Animals & Pets,Waste Removal Services,,,,,,,,,,,13.75,,,,,
Animals & Pets,Pet Sitting & Walking,1000,1000,1342.4,1600,1600,51.94,69.41,117.92,200.34,281.46,3.54,3.25,4.81,5.26,6.69,7.85
Apparel / Fashion & Jewelry,z - Other (Specify Keywords Below),750,800,2135.59,2900,4600,34.12,59.74,103.54,190.57,333.62,3.48,1.45,2.29,3.82,6.17,9.49
Apparel / Fashion & Jewelry,Jewelry,750,1000,2284.76,2200,4300,29.08,53.52,97.51,184.93,357.81,5.87,2.18,2.92,4.01,5.64,7.77
Apparel / Fashion & Jewelry,Watches,750,1200,2546.39,4000,5000,77.48,120.3,210.61,376.15,626.41,1.76,2.16,3.74,4.71,6.75,8.17
Apparel / Fashion & Jewelry,Sunglasses,,,,,,,,,,,4.75,,,,,
Apparel / Fashion & Jewelry,Men's Shoes (excl. Athletic),800,800,1548.48,2000,2500,75.19,114.43,202.35,340.36,595.86,5.75,3.16,3.86,4.57,5.31,6.82
Apparel / Fashion & Jewelry,Tailors & Alterations,850,1500,1430.24,1500,1500,44.7,77.48,138.38,265.07,387.61,2.77,1.23,4.81,6.69,11.47,14.59
Apparel / Fashion & Jewelry,Men's Clothing,750,750,1116.6,850,3000,70.11,99.48,159.17,270.43,357.81,2.57,2.29,4.39,5.7,8.08,11.94
Apparel / Fashion & Jewelry,Uniforms & Workwear,,,,,,,,,,,3.59,,,,,
Apparel / Fashion & Jewelry,Athletic Shoes & Apparel,1000,1500,1571.51,1650,1650,16.12,23.1,40.04,55.15,122.73,3.17,1.26,1.9,2.77,3.9,4.39
Apparel / Fashion & Jewelry,Costumes,500,500,633.33,700,700,38.86,38.86,73.7,116.75,116.75,2.02,0.37,0.44,0.53,0.62,0.81
Apparel / Fashion & Jewelry,Diamonds & Gemstones,2000,2000,3257.93,4500,5250,80.64,104.58,164.02,232.76,383.75,5.28,3.29,4.22,5.37,6.96,8.67
Apparel / Fashion & Jewelry,Furs,,,,,,,,,,,2,,,,,
Apparel / Fashion & Jewelry,Women's Clothing,800,800,2266.15,2500,8000,64.07,83.93,123.97,221.41,350.72,1.28,1.88,2.34,4.81,10.59,16.12
Arts & Entertainment,Music (Concerts),750,750,2591.28,3850.93,4913,1.72,4.39,8.94,13.33,34.47,0.31,0.19,0.28,0.48,0.78,1.79
Arts & Entertainment,Amusement Parks,400,500,6260.54,9759.14,16654.95,2.89,7.46,20.09,47.47,144.03,2.76,0.08,0.32,0.7,1.82,3.82
Arts & Entertainment,Theatre & Fine Arts,700,1000,2036.06,2550,4950,1.42,7.03,26.58,117.92,333.62,2.15,0.48,0.82,1.67,3.74,5.7
Arts & Entertainment,Art & Museums,750,1000,2956.34,2000,12000,5,9.58,31.82,113.3,217.02,2.38,0.47,0.84,1.65,3,5.93
Arts & Entertainment,z - Other (Specify Keywords Below),609.26,1500,2163.66,2550,4000,3.74,7.69,30.27,125.21,290.03,2.66,0.44,0.7,1.58,3.06,8.5
Arts & Entertainment,Video Games,500,500,668.51,1000,1000,5.64,10.59,27.11,60.95,135.64,2.52,0.72,1.52,2.34,3.86,4.81
Arts & Entertainment,Musical Instruments,750,750,1065.3,1500,1500,31.19,45.15,89.12,164.02,275.89,5.86,4.39,5.21,6.69,7.77,11.82
Arts & Entertainment,Casinos & Gambling,700,1000,1733.65,2500,4000,8.08,25.53,46.99,130.32,237.46,1.56,0.7,1.15,2.64,5.53,17.46
Arts & Entertainment,Production Services & Equipment,500,500,1016.75,1000,2200,36.97,52.98,109.95,194.42,292.95,5.77,3.86,5.26,7.32,9.87,12.06
Arts & Entertainment,Bars & Clubs,825,825,945.54,825.51,1500,20.09,29.37,60.34,106.7,190.57,1.82,0.95,1.2,1.68,2.39,3.35
Arts & Entertainment,Adult,1500,1500,4042.15,8000,10000,13.87,22.42,73.7,219.2,523.22,2.53,2.41,3.78,5.75,8.76,14.01
Arts & Entertainment,Tickets & Ticket Services,2000,4000,13259.94,21000,29000,162.39,232.76,287.15,372.41,507.76,1.58,1.63,1.93,2.64,3.46,4.22
Arts & Entertainment,"Music (CDs, Albums, etc.)",500,1000,3167.21,4800,7400,,,,,,0.18,0.08,0.11,0.2,0.37,0.45
Arts & Entertainment,Comedy,1000,1500,1406.5,1500,1500,10.91,14.44,30.88,42.1,225.88,4.92,1.77,2.69,4.06,6.42,8.58
Arts & Entertainment,Festivals & Special Events,400,500,819.7,1000,2000,1.51,11.25,31.5,120.3,202.35,0.67,0.62,0.95,1.6,2.61,4.66
Arts & Entertainment,Dance,500,500,954.76,1625,1625,17.12,36.6,68.03,121.51,270.43,6.31,1.9,2.34,3.35,4.31,6.36
Attorneys & Legal Services,Criminal Law,1150,1200,2649.87,3000,5500,39.25,72.24,135.64,265.07,482.99,2.72,1.86,4.22,8.94,18.17,33.78
Attorneys & Legal Services,Administrative Law,3000,12500,11048.61,12500,12500,62.18,73.7,92.76,104.58,149.9,7.77,4.35,5.26,7.17,8.67,10.7
Attorneys & Legal Services,Accidents & Personal Injury Law,950,1950,5190.09,7225,12500,46.53,98.49,212.72,482.99,888.91,4.31,2.16,3.39,7.46,13.74,29.67
Attorneys & Legal Services,Elder Law,500,1200,1676.04,2000,3500,33.45,56.83,96.54,165.67,273.14,4.54,1.82,3.94,6.55,11.36,19.69
Attorneys & Legal Services,Family Law (incl. Divorce),750,950,2455.97,2900,4000,36.6,72.97,125.21,235.1,391.51,4.94,2.27,4.57,7.85,14.59,22.87
Attorneys & Legal Services,Tax Law,1105,1500,3047.54,3200,9300,35.87,91.84,148.41,311.06,555.57,12.94,2.86,5.1,8.76,16.44,27.11
Attorneys & Legal Services,Immigration Law,500,500,2803.59,3900,6000,30.27,45.15,95.58,194.42,391.51,5.7,0.85,1.42,4.1,8.5,12.43
Attorneys & Legal Services,Estate & Probate Law (incl. Wills),750,1100,1745.87,2000,3918.4,30.88,46.53,84.77,156.02,270.43,12.83,2.03,4.48,6.96,13.2,19.11
Attorneys & Legal Services,Business & Corporate Law,300,1300,1693.58,2500,2500,28.5,43.38,75.19,119.1,228.15,7.14,2.27,5.05,6.69,11.25,17.64
Attorneys & Legal Services,Labor & Employment Law,750,750,2140.01,2750,3000,34.47,42.52,65.37,85.63,186.79,4.75,2.36,3.19,4.85,8,10.49
Attorneys & Legal Services,Bankruptcy Law,1275,1350,2118.52,2500,3000,35.87,57.97,115.58,225.88,407.48,6.98,4.22,7.24,11.94,23.81,32.46
Attorneys & Legal Services,z - Other (Specify Keywords Below),750,1380,3682.91,4350,4500,40.45,64.72,139.77,275.89,502.7,8.33,2.51,3.53,5.75,9.3,12.94
Attorneys & Legal Services,General Practice Law,750,1050,2534.15,2200,10000,33.45,55.7,139.77,304.9,658.52,4.28,3.53,5.7,8.85,14.15,22.87
Attorneys & Legal Services,Intellectual Property Law,500,500,826.7,1000,1000,36.6,80.64,102.51,165.67,237.46,5.94,5.21,8.25,9.68,14.01,15.8
Attorneys & Legal Services,Malpractice Law -- Medical,4700,4700,6520.53,7500,7500,177.68,242.26,391.51,692.29,1074.92,7,4.48,6.75,10.38,16.95,26.84
Attorneys & Legal Services,Admiralty & Maritime Law,1500,3000,24050.09,60000,60000,262.43,671.83,1669.03,6247.9,8433.78,3.66,3.19,4.39,21.76,114.43,125.21
Attorneys & Legal Services,Finance & Securities Law,,,,,,,,,,,5.47,,,,,
Attorneys & Legal Services,Insurance Law,750,750,2127.13,4150,4150,46.06,63.43,97.51,148.41,247.15,7.42,1.67,2.77,4.26,7.17,10.07
Attorneys & Legal Services,Construction Law,1300,1600,7715.85,10000,10000,35.52,67.36,249.64,566.8,1261.43,2.79,1.9,3.46,5.1,7.85,11.02
Attorneys & Legal Services,Transportation Law,,,,,,,,,,,64.66,,,,,
Attorneys & Legal Services,Real Estate Law,300,500,1275.23,800,5000,22.2,40.85,60.34,104.58,149.9,4.18,1.65,3.35,4.76,8.08,10.18
Attorneys & Legal Services,Litigation,300,480,5549.11,9700,9700,18.17,48.91,179.47,578.25,1118.79,12.45,0.89,2.27,5.16,11.36,14.73
Attorneys & Legal Services,Debtor & Creditor Law,300,1000,1150.54,1600,2000,18.17,31.19,45.15,68.72,122.73,0.85,1.36,2.69,4.71,10.38,13.6
Automotive -- For Sale,Automobile Dealer (Volvo),1000,1000,2856.74,5050,5500,16.12,34.47,126.47,464.05,1022.49,2,1.7,3.9,5.58,9.49,12.18
Automotive -- For Sale,Automobile Dealer (Chevrolet),750,1000,2209.13,3000,4500,5.53,10.7,32.14,88.23,257.24,0.49,0.9,1.34,2.23,3.42,6.96
Automotive -- For Sale,Automobile Dealer (General - Used),750,1000,1678.89,2000,3000,7.24,19.49,48.42,138.38,267.74,3.41,0.55,1.19,1.62,2.59,3.67
Automotive -- For Sale,Mobile Homes & RVs,300,350,1166.3,1812.5,2785.71,9.21,18.36,39.25,82.27,164.02,2.37,0.91,1.34,1.97,2.72,3.9
Automotive -- For Sale,Automobile Dealer (Ford),750,1000,2600.5,3100,5000,6.96,21.12,68.03,223.63,713.37,2.3,0.88,1.34,2.41,3.82,6.23
Automotive -- For Sale,Automobile Dealer (General - New),750,750,1585.15,1750,3000,6.23,13.33,33.45,88.23,206.44,1.11,1.01,1.55,2.46,4.01,5.99
Automotive -- For Sale,Automobile Dealer (Jeep),1000,1000,2734.13,2800,7500,6.62,20.49,53.52,156.02,387.61,3.97,0.89,1.67,2.89,5.05,9.68
Automotive -- For Sale,Automobile Dealer (Mercedes-Benz),750,1125,1643.05,2275,3000,8.76,16.28,38.86,83.93,174.16,1.56,0.84,1.4,2.08,2.8,4.71
Automotive -- For Sale,Motorcycle(s) for Sale,1045.5,1200,2068.32,2800,3750,7.77,12.55,19.11,31.19,51.42,2.06,0.73,0.95,1.35,1.88,2.64
Automotive -- For Sale,Automobile Dealer (GMC),750,1000,1536.81,1500,3339.3,13.6,21.12,49.9,119.1,239.85,1.73,0.79,1.23,2.1,3.35,6.17
Automotive -- For Sale,Boats,750,1000,2494.78,3840,5175,14.44,33.45,83.93,198.34,539.15,1.64,1.39,1.8,2.44,3.25,5.64
Automotive -- For Sale,Vehicles (Commercial/Other),595,880,1587.03,1885,2500,27.39,47.94,83.93,148.41,257.24,3.67,2.2,3.71,5.05,7.61,10.07
Automotive -- For Sale,ATVs,800,1000,3035.64,3000,5000,12.55,22.42,51.94,116.75,249.64,0.88,0.85,1.21,1.75,2.46,3.19
Automotive -- For Sale,Automobile Dealer (Dodge),750,750,1785.1,1600,4500,7.24,11.82,35.87,83.1,225.88,2.14,1.35,1.63,2.77,4.76,7.77
Automotive -- For Sale,Automobile Dealer (Aston Martin),500,500,1000,1250,1250,9.21,16.28,58.56,208.51,298.87,3.45,0.43,0.69,1.72,3.35,4.62
Automotive -- For Sale,Automobile Dealer (Buick),500,1000,1794.56,2500,3600,13.33,19.11,41.26,80.64,200.34,2.2,0.79,1.34,1.82,2.39,4.71
Automotive -- For Sale,Automobile Dealer (Toyota),1000,1500,4285.98,5000,11500,3.63,23.34,81.45,399.41,1053.63,1.11,0.59,1.73,2.29,4.22,5
Automotive -- For Sale,Automobile Dealer (Cadillac),1000,1000,1829.12,2142.86,3000,5.99,10.38,29.96,70.81,174.16,3.91,0.93,1.63,2.39,3.46,5.37
Automotive -- For Sale,Trailers,1300,1500,3194.77,4550,4620,23.81,35.16,70.11,126.47,249.64,1.15,1.02,1.49,2.01,2.69,3.63
Automotive -- For Sale,Automobile Dealer (Volkswagen),750,1000,1681.63,2000,2500,6.96,15.18,52.98,170.72,350.72,4.55,1.19,1.9,3.94,7.54,10.49
Automotive -- For Sale,Automobile Dealer (Honda),750,750,1344.82,1500,2950,4.48,9.58,25.53,63.43,169.02,1.26,0.72,1.08,1.92,3.19,5.47
Automotive -- For Sale,Motorcycle Dealer (New),1000,1200,2226.42,3000,3750,8.17,13.2,29.37,44.26,208.51,1.86,0.64,1.19,1.65,2.44,3.74
Automotive -- For Sale,Automobile Dealer (Chrysler),500,750,2220.32,4000,5000,12.94,19.49,54.6,108.85,788.4,13.28,1.25,1.79,3.42,5.7,11.7
Automotive -- For Sale,Automobile Dealer (Mercury),500,650,875.29,1000,1500,23.57,38.09,83.1,170.72,265.07,11.57,3.25,4.1,5.7,7.69,11.13
Automotive -- For Sale,Automobile Dealer (Nissan),1200,1350,2572.19,4000,5200,5.47,13.74,40.04,137,368.71,2.7,1.05,2.14,3.9,6.62,11.59
Automotive -- For Sale,Automobile Dealer (Mitsubishi),750,750,1102.68,1000,1750,14.15,20.29,36.97,57.97,126.47,1.41,0.88,1.12,1.6,2.46,3.25
Automotive -- For Sale,Automobile Dealer (Subaru),2500,2500,11354.52,20910,23800,17.29,29.67,40.04,59.15,75.94,1.56,1.04,1.26,2.75,4.81,6.69
Automotive -- For Sale,Automobile Dealer (Lincoln),750,1000,2169.03,2850,4500,7.46,15.03,47.47,175.91,445.86,2.95,0.98,1.48,2.03,3,4.35
Automotive -- For Sale,z - Other (Specify Keywords Below),390,500,1610.18,2500,3000,8,13.2,31.19,79.84,145.47,1.22,0.83,1.07,1.84,3.86,5.47
Automotive -- For Sale,Motorcycle Dealer (Used),750,1200,2101.75,2800,3750,9.58,13.6,28.22,46.99,120.3,0.76,0.73,1,1.48,1.99,2.72
Automotive -- For Sale,Automobile Dealer (Audi),750,750,1053.99,1250,1250,17.64,22.42,58.56,188.67,323.76,11.35,2.64,3.6,7.39,13.74,15.18
Automotive -- For Sale,Automobile Dealer (Porsche),1000,1000,1000,1000,1000,29.08,36.97,60.34,90.02,129.02,1.95,1.14,1.23,1.55,1.92,2.34
Automotive -- For Sale,Automobile Dealer (Hyundai),500,750,1382.5,1500,2600,4.95,8.94,28.5,85.63,183.09,3.95,1.27,1.75,2.46,3.32,5.47
"Automotive -- Repair, Service & Parts",Auto Make & Model Specialists,500,1000,1423.53,2000,2450,10.49,19.11,32.46,52.98,108.85,2.24,1.79,3.06,5.21,8.85,13.74
"Automotive -- Repair, Service & Parts",Oil Change & Lubrication,750,800,1419.4,1600,2500,14.73,23.57,40.45,66.69,126.47,3.48,2.32,3.42,5.1,8.08,12.06
"Automotive -- Repair, Service & Parts",Tires (Dealers),440,600,1065.85,1200,2000,8.08,13.2,22.65,38.47,65.37,2.58,1.48,2.14,2.8,3.82,5.05
"Automotive -- Repair, Service & Parts",Transmission & Clutch Repair,400,600,1049.11,1450,2000,12.43,20.29,36.6,64.07,113.3,5.5,3.19,4.9,6.82,9.87,13.87
"Automotive -- Repair, Service & Parts",Tire & Wheel Repair,400,500,940.77,1100,1600,7.1,11.25,19.49,32.79,54.6,2.28,1.7,2.2,2.89,3.74,5
"Automotive -- Repair, Service & Parts",Auto Service & Repair (General),500,750,1388.76,1950,2671.43,11.47,21.33,40.85,78.26,144.03,5.5,2.03,3.1,5.05,8.76,13.07
"Automotive -- Repair, Service & Parts",Muffler / Exhaust System Repair,750,950,1558.52,2500,2500,13.87,23.81,42.1,76.71,117.92,5.28,2.12,3,4.14,6.05,7.17
"Automotive -- Repair, Service & Parts",Auto Parts & Accessories (General),650,750,3195.48,2000,7000,4.31,9.49,21.98,51.42,125.21,0.35,0.81,1.23,2.39,4.62,6.42
"Automotive -- Repair, Service & Parts",Towing,500,1000,1209.25,1300,2250,8.58,11.25,22.42,42.95,71.52,4.4,2.2,3.97,5.75,8.67,14.59
"Automotive -- Repair, Service & Parts","Air Conditioning, Heating & Radiator Repair",500,700,1181,1400,2000,12.55,20.49,34.47,60.34,98.49,1.6,1.9,2.69,3.82,5.21,8.94
"Automotive -- Repair, Service & Parts",Glass (Window) Repair,500,700,1986.24,2150,4000,14.3,20.91,34.81,54.05,92.76,3.93,3.9,4.95,6.49,8.76,11.02
"Automotive -- Repair, Service & Parts",Boat Services & Maintenance,750,1000,2336.49,3000,3000,17.81,56.26,76.71,152.93,247.15,4.43,3.35,4.35,5.93,8.67,10.59
"Automotive -- Repair, Service & Parts",Body Repair & Paint,500,750,1206.14,1300,2500,13.6,26.58,46.53,80.64,138.38,5.01,2.51,4.22,5.47,7.69,10.07
"Automotive -- Repair, Service & Parts",RV Parts / Services,1045.5,1045.5,1297.5,1500,1500,10.49,32.79,62.8,125.21,244.69,2.37,2.72,3.32,5.1,7.32,9.97
"Automotive -- Repair, Service & Parts",Inspection & Diagnostic Services,340,500,971.15,1100,1400,11.36,16.95,30.27,49.9,89.12,3.07,1.79,2.77,3.97,6.05,8.94
"Automotive -- Repair, Service & Parts",z - Other (Specify Keywords Below),400,900,1349.17,2000,2000,15.18,19.69,33.78,52.98,98.49,1.48,1.38,2.72,3.35,4.71,6.11
"Automotive -- Repair, Service & Parts",Antique & Classic Auto Restoration,1000,1000,1158.2,1300,1300,4.06,13.6,17.46,30.27,48.91,1.64,1.34,1.55,2.08,2.12,5.26
"Automotive -- Repair, Service & Parts",Tire & Wheel Alignment and Rotation,400,500,1032.41,1050,2028,9.68,17.12,29.08,50.91,84.77,3.67,1.73,2.64,3.86,5.31,8.08
"Automotive -- Repair, Service & Parts",Engine Repair & Tune-Up,500,750,1335.21,1500,2500,12.06,17.29,31.5,52.98,89.12,1.89,1.88,2.64,3.82,5.58,7.24
"Automotive -- Repair, Service & Parts",Roadside Service,500,500,1303.87,1000,5000,9.58,23.34,38.47,81.45,126.47,5.99,1.79,3.25,5.47,9.58,12.55
"Automotive -- Repair, Service & Parts",Brake Repair & Inspection,500,700,1254.54,1600,2500,12.43,19.49,31.82,50.91,82.27,3.98,1.73,2.61,3.67,5.37,7.54
"Automotive -- Repair, Service & Parts",Glass (Window) Tinting,1000,1350,1629.01,1900,2500,23.34,34.81,59.15,108.85,184.93,3.81,3.06,4.48,5.93,8.17,12.68
"Automotive -- Repair, Service & Parts",Air Bags,500,500,753.57,1000,1000,5.75,10.7,20.91,43.82,92.76,3.92,1.65,2.77,3.6,5.16,6.36
"Automotive -- Repair, Service & Parts",Racing & High Performance,1200,1500,1978.65,2320,2611.71,9.58,12.43,29.08,53.52,212.72,1.74,0.37,0.47,1.73,4.39,7.85
"Automotive -- Repair, Service & Parts",Washing & Detailing,500,950,1323.97,2000,2500,7.92,14.3,38.09,94.63,210.61,1.76,1.43,1.95,3.53,5.7,8.08
"Automotive -- Repair, Service & Parts",Trailers,500,1000,1088.89,1500,1500,12.18,21.54,50.4,90.02,221.41,2.61,1.32,2.44,2.92,4.01,5.31
"Automotive -- Repair, Service & Parts",Upholstery Repair,500,750,1132.76,1500,1500,7.54,11.25,19.49,31.19,64.07,2.05,1.86,2.46,3.25,4.26,5.58
"Automotive -- Repair, Service & Parts",Gas & Filling Stations,500,1000,923.91,1000,1000,2.97,3.97,8.41,16.44,29.96,3.57,1.25,1.63,2.8,5.31,6.23
"Automotive -- Repair, Service & Parts",Fuel Injection Cleaning,500,1400,11264.11,8020,25000,11.94,29.96,183.09,992.27,3361.02,2.3,2.12,2.86,3.78,4.9,6.55
"Automotive -- Repair, Service & Parts",Steering & Suspension,300,550,1094.62,1200,1857,11.7,17.99,33.78,63.43,116.75,2.93,1.8,2.41,3.46,4.85,7.03
"Automotive -- Repair, Service & Parts",Alternators & Starters Service and Repair,500,500,1396.86,1500,2500,7.92,13.07,28.22,62.8,113.3,4.8,1.73,2.97,4.18,5.58,10.07
"Automotive -- Repair, Service & Parts",Smog Test & Certification,500,750,789.11,850,850,11.25,17.12,26.05,37.71,67.36,5.23,3.46,4.06,4.66,5.37,6.36
"Automotive -- Repair, Service & Parts",Motorcycles & Motor Scooter Service and Repair,500,750,1095,1700,1750,10.07,15.64,47.47,135.64,273.14,3.62,1.2,1.9,2.8,4.01,5.75
"Automotive -- Repair, Service & Parts",Sound & Video,500,1000,1964.72,1500,6000,10.49,23.1,54.6,119.1,194.42,4.26,2.56,3.29,4.53,5.81,8.17
"Automotive -- Repair, Service & Parts",Wrecking,750,1000,1398.5,1500,2000,11.47,15.64,32.79,53.52,83.1,3.35,1.27,2.16,3.03,4.35,5.75
Beauty & Personal Care,Barber Shops,100,125,247.45,295,395,2.83,4.81,9.39,17.99,32.79,0.75,0.98,1.49,2.1,3.06,4.26
Beauty & Personal Care,z - Other (Specify Keywords Below),1000,1500,2004.3,2400,2960,35.87,83.93,160.77,361.41,578.25,3.42,3.63,6.36,9.3,15.18,23.1
Beauty & Personal Care,Cosmetic Surgery,1200,1200,4021.54,6500,10000,27.11,56.26,104.58,225.88,368.71,5.46,3.39,4.66,6.36,8.5,11.25
Beauty & Personal Care,Hair Replacement & Restoration,900,1155,2419.58,2772,3200,25.28,38.09,83.1,184.93,330.3,2.62,2.66,3.63,5.21,7.32,10.38
Beauty & Personal Care,Facial & Skin Care,967,1000,1521.28,2000,2448,34.47,72.24,135.64,281.46,428.38,2.76,4.18,6.89,10.59,17.29,24.53
Beauty & Personal Care,Diet & Weight Loss Centers/Products,1000,1451,1966.35,2800,3080,38.09,55.7,100.48,172.43,320.54,4.86,3.39,4.1,5.37,6.62,9.97
Beauty & Personal Care,Tattoos & Body Piercing,206,250,562.67,1000,1000,5.53,8.5,29.08,86.49,165.67,0.85,0.76,1.07,2.39,4.81,5.47
Beauty & Personal Care,Day Spas,341.67,825,1612.03,2300,3000,11.94,24.29,59.74,154.47,298.87,3.84,0.89,2.41,3.97,8.08,14.3
Beauty & Personal Care,Beauty Salons & Stylists,500,500,1047.14,1500,2000,11.25,23.57,40.45,78.26,132.95,2.95,2.27,3.13,4.62,7.17,9.21
Beauty & Personal Care,Massage Therapy,450,950,2512.94,1500,10000,10.59,27.94,50.4,113.3,204.38,3.02,0.99,1.82,2.27,3.56,4.85
Beauty & Personal Care,Waxing,500,500,870.37,1000,1500,14.44,23.34,41.68,82.27,122.73,9.05,2.48,4.06,5,8.58,10.59
Beauty & Personal Care,Hair Removal (excl. Waxing),750,750,3692.03,3350,12500,17.64,29.37,50.91,93.69,127.74,3.73,2.56,3.63,4.18,5.37,6.55
Beauty & Personal Care,Hair Care,206,450,682.11,1000,1000,6.11,12.3,31.5,73.7,122.73,1.76,1.13,1.63,2.18,3.06,3.74
Beauty & Personal Care,Tanning,420.62,420.62,622.38,858.76,858.76,15.18,19.89,37.71,57.97,148.41,2.3,0.79,0.99,1.73,2.75,5.05
Beauty & Personal Care,Foot Care,450,451.99,643.1,825.51,825.51,4.76,9.87,24.05,62.18,99.48,8.45,0.99,1.42,2.23,3.67,4.81
Beauty & Personal Care,Image & Personal Appearance Services,800,1125,1324.71,1500,1500,48.42,61.56,105.64,159.17,278.66,,4.35,4.9,5.58,6.23,7.32
Business Opportunities,z - Other (Specify Keywords Below),190,200,414.95,500,1000,13.33,26.05,53.52,111.05,239.85,3.21,1.67,2.75,3.56,4.57,7.77
Business Opportunities,Business Brokers,500,500,1280.69,1550,2000,11.47,21.54,51.94,122.73,265.07,4.37,3.1,3.71,5.37,7.39,10.7
Business Opportunities,Manufacturing Business Opportunities,2000,2000,4965.52,8000,8000,32.46,46.06,69.41,86.49,167.34,2.69,1.99,2.25,2.48,2.77,3.1
Business Opportunities,Construction Business Opportunities,,,,,,,,,,,4.04,,,,,
Business Opportunities,Retail Business Opportunities,,,,,,,,,,,,,,,,
Business Services,Investigation & Security Services,900,1160,1958.94,2000,4000,18.92,30.88,84.77,181.27,336.97,4.69,3.63,4.81,5.87,7.39,9.58
Business Services,z - Other (Specify Keywords Below),800,1000,2119.96,2700,3600,15.96,35.16,72.97,188.67,395.44,6.78,1.23,2.27,3.97,7.69,11.36
Business Services,Design Services,,,,,,,,,,,1.77,,,,,
Business Services,Employment Recruiters & Agencies,750,750,4734.28,7000,10000,33.45,68.03,214.86,518.01,1619.71,18.01,1.68,2.77,5.37,9.97,16.95
Business Services,"Signs, Banners & Decals",500,825,2350.87,2700,6600,36.97,70.11,121.51,214.86,383.75,4.74,1.82,3.25,5.42,9.78,14.01
Business Services,Advertising & Marketing,700,1500,3710.19,3500,5000,34.47,75.19,144.03,292.95,561.16,6.83,1.34,2.77,4.81,8.58,15.18
Business Services,Accountants & Bookkeeping,700,700,1399.33,1620,2200,72.24,106.7,177.68,304.9,464.05,5.05,2.41,4.9,7.1,11.36,16.44
Business Services,"Banking, Financial Services & Treasury",1000,1500,2477.78,3250,4650,7.17,14.01,105.64,589.93,915.99,3.71,0.4,1.99,3.53,9.39,13.07
Business Services,Waste Management & Recycling,500,660,1923.39,3000,3350,9.39,16.78,46.06,122.73,295.89,6.9,1.93,3,5.37,9.68,15.18
Business Services,Conventions & Conferences,250,750,1853.08,2500,3000,29.08,54.05,106.7,200.34,454.86,4.51,1.99,2.83,4.62,7.77,11.02
Business Services,Consultants (Industry / Other),500,500,1586.46,1500,2972.44,22.2,33.78,92.76,247.15,555.57,10.74,0.36,0.63,2.51,12.43,21.33
Business Services,Payroll Service,500,500,1010.15,1354,1620,21.76,36.23,74.44,142.59,311.06,3.12,1.7,2.48,3.22,4.14,6.55
Business Services,Office Furniture Sales & Rental,2500,2800,3408.05,5000,5000,46.99,58.56,109.95,164.02,419.89,14.53,3.32,4.48,5.53,6.96,9.39
Business Services,Facilities Management & Janitorial,800,800,2663.76,2500,11000,37.34,60.34,99.48,167.34,270.43,2.49,3.25,6.69,10.07,15.96,23.81
Business Services,Promotional Products & Services,800,800,1272.08,1080,3000,32.46,49.9,100.48,174.16,287.15,3.17,3.16,4.14,6.75,8.25,20.7
Business Services,Real Estate,1485,2300,2429.47,2300,5000,57.4,67.36,109.95,149.9,301.87,3.02,3.03,3.49,4.35,4.22,8.33
Business Services,"Training Services, Programs & Materials",,,,,,,,,,,3.49,,,,,
Business Services,Shredding & Document Security,1100,1400,2111.59,3000,3500,29.67,44.26,71.52,113.3,174.16,6.24,3.86,4.9,6.49,8.85,11.94
Business Services,"Research, Development & Testing Services",2500,5667,5295.11,6000,6000,230.44,376.15,528.48,796.32,962.95,12.32,3.06,4.85,8.85,15.96,17.81
Business Services,Business Brokers & Liquidators,,,,,,,,,,,1.97,,,,,
Business Services,Cafeteria & Food Services,1000,1000,1153.6,1350,1350,33.12,45.6,72.97,127.74,167.34,2.63,2.34,2.8,6.69,13.74,15.64
Business Services,"Mailing, Shipping & Courier Services",430,430,2046.3,4000,4000,39.65,74.44,174.16,428.38,812.41,1.84,1.95,4.62,6.23,12.06,14.88
Business Services,"Printers, Publishers & Engravers",1000,1100,1733.27,2000,2500,25.53,39.65,111.05,281.46,459.44,4.2,2.41,3.39,5.87,9.68,16.44
Business Services,Business Development & Sales Support,2000,2000,3678.19,7500,7500,26.58,40.45,54.05,84.77,106.7,4.12,0.94,1.03,1.82,5.16,8
Business Services,Technology Services,500,1000,3613.49,5000,8314,60.34,126.47,225.88,492.75,796.32,3.29,2.29,3.42,5.26,8.25,13.46
Business Services,Internet Services,1500,1500,2783.28,4000,4000,12.3,23.81,96.54,340.36,539.15,9.06,1.4,2.23,3.56,5.7,9.97
Business Services,Human Resources,1000,1000,5750,11000,11000,43.82,138.38,492.75,2079.74,2951.3,8.97,2.97,4.35,6.17,9.58,15.8
Business Services,"Warehousing, Transportation & Distribution",,,,,,,,,,,5.58,,,,,
Business Services,Translation and Interpretation Services,600,600,794.87,800,1200,38.09,54.05,90.92,145.47,190.57,0.66,0.92,1.05,1.35,1.79,2.23
Business Services,Business Software,1000,1000,4847.26,4951,13200,88.23,174.16,468.72,1436.55,2100.65,4.06,1.82,2.92,5.26,9.12,20.29
Business Services,Insurance & Benefits,1500,1500,6593.02,12000,12000,198.34,314.19,720.54,1978.31,2252.96,4.86,0.81,1.27,3.39,9.12,9.78
Business Services,Credit Check & Collection Agencies,,,,,,,,,,,8.57,,,,,
Business Services,Telecommunications Services,199,199,348.24,500,500,119.1,119.1,119.1,119.1,119.1,5.76,2.89,3.39,4.71,6.17,7.92
Business Services,"Cellular Phones, Pagers & Wireless Services",,,,,,,,,,,0.67,,,,,
Business Services,Office Supplies & Equipment,,,,,,,,,,,,,,,,
Business Services,Incorporation Services,,,,,,,,,,,9.51,,,,,
Business Services,Video Production & Editing,1250,1250,1893.89,2200,2200,69.41,101.49,175.91,301.87,555.57,8.92,4.66,5.37,8.33,11.82,17.99
Business Services,Office Space & Retail Space,,,,,,,,,,,2.06,,,,,
Career & Employment,Temporary Employment Agencies,,,,,,,,,,,4.05,,,,,
Career & Employment,Employment Opportunities (Jobs),1000,1500,2263.58,2701,3171,27.11,44.7,89.12,186.79,304.9,5.93,1.7,2.92,5.47,9.78,19.89
Career & Employment,Recruiters & Agencies (excl. Executive Search),,,,,,,,,,,4.22,,,,,
Career & Employment,Seeking Employment,,,,,,,,,,,15.34,,,,,
Career & Employment,Human Resources & Misc. Employment Services,1500,2000,2833,3500,4000,,,,,,6.82,1.77,3.49,4.62,7.1,8.25
Career & Employment,Training & Development,,,,,,,,,,,4.48,,,,,
"Community, Garage Sales & Organizations",Charitable Donations & Auctions,1500,1500,3300.03,4000,7500,77.48,79.04,157.59,284.29,320.54,3.59,1.84,2.59,3.16,3.71,4.44
"Community, Garage Sales & Organizations",Social Advocacy Organizations,1000,1000,1105.88,1000,1000,1465.57,1465.57,1465.57,1465.57,1465.57,3.14,0.72,0.77,0.88,1.11,1.28
"Community, Garage Sales & Organizations",z - Other (Specify Keywords Below),1000,2000,2781.61,3500,3900,9.12,15.33,46.99,119.1,223.63,0.35,0.37,0.56,1,1.68,2.46
"Community, Garage Sales & Organizations",Religious Organizations,750,900,911.67,1000,1000,7.39,11.7,27.94,70.81,219.2,1.9,1.43,2.05,3.32,5.87,6.89
"Community, Garage Sales & Organizations",Membership Organizations,1800,2000,7239.95,12500,12500,74.44,76.71,190.57,468.72,651.97,3.21,2.12,3.63,5.37,7.61,12.43
"Community, Garage Sales & Organizations",Civic and Social Organizations/Services,1000,1000,4308.82,6000,6000,9.87,23.1,101.49,320.54,445.86,12.49,2.27,3.67,6.55,13.6,14.88
"Community, Garage Sales & Organizations",Community Events,500,500,2938.35,4575,7492,4.66,9.21,17.81,47.94,104.58,1.76,0.46,0.77,1.28,2.83,5.1
"Community, Garage Sales & Organizations",Chambers of Commerce,1250,1250,1375,1500,1500,301.87,301.87,333.62,350.72,350.72,1.25,0.2,0.2,0.27,0.34,0.38
"Computers, Telephony & Internet","Cabling & Installation (Voice, Data & Video)",,,,,,,,,,,1.25,,,,,
"Computers, Telephony & Internet",z - Other (Specify Keywords Below),500,500,552.94,500,800,123.97,123.97,154.47,192.48,192.48,2.55,2.94,3.53,4.81,5.21,13.6
"Computers, Telephony & Internet","Phones, Accessories & Answering Machines",,,,,,,,,,,11.01,,,,,
"Computers, Telephony & Internet",Networking & Wireless,,,,,,,,,,,7.29,,,,,
"Computers, Telephony & Internet",Software,1500,5500,4782.51,5500,5500,165.67,247.15,492.75,788.4,1422.26,4.73,1.65,3.1,4.31,6.96,7.92
"Computers, Telephony & Internet",Internet Access Services (ISPs),,,,,,,,,,,3.79,,,,,
Dentists & Dental Services,Orthodontics,750,1200,1981.18,2600,3700,14.15,33.45,74.44,170.72,330.3,11.23,3.46,5.1,8.41,13.74,21.12
Dentists & Dental Services,General Dentistry,500,1000,1901.25,2500,3040,27.11,46.99,84.77,154.47,273.14,8.57,2.83,4.57,6.89,10.8,14.73
Dentists & Dental Services,Oral-Maxillofacial Surgery,750,1000,1782.44,2000,3000,12.68,27.94,59.15,135.64,259.82,2.67,2.48,4.01,7.69,14.73,22.2
Dentists & Dental Services,Emergency Dentistry,500,1000,1708.95,2000,3000,28.79,45.6,78.26,132.95,223.63,0.84,3.29,4.95,7.32,11.02,15.03
Dentists & Dental Services,Cosmetic Dentistry,995,1200,2692.63,3000,7100,34.81,62.18,125.21,242.26,497.7,2.6,2.92,5.16,8.58,14.15,23.81
Dentists & Dental Services,z - Other (Specify Keywords Below),1000,1500,2926.6,5300,5300,59.74,92.76,212.72,445.86,972.63,5.2,3.16,4.31,6.96,13.07,16.28
Dentists & Dental Services,Pediatric Dentistry,1000,1093.71,1505.13,1960,2250,13.33,22.65,48.42,100.48,204.38,5.61,3.19,5.26,7.85,12.81,17.99
Dentists & Dental Services,Implantology,1200,1500,5441.59,6000,17000,36.97,81.45,190.57,432.68,788.4,14.2,3.9,5.99,10.18,17.64,27.11
Dentists & Dental Services,Dental Hygienists,293,293,1412.52,2000,3000,5.64,9.03,39.25,139.77,281.46,1.37,1.77,2.29,3.78,6.23,8.94
Dentists & Dental Services,Sedation Dentistry,100,293,3161.95,5400,6000,5.81,19.11,72.24,230.44,391.51,2.91,2.16,3.71,7.61,14.88,23.34
Dentists & Dental Services,Prosthodontics,1500,2071.43,2189.98,2500,2500,44.26,60.34,101.49,152.93,252.14,5.49,2.72,4.18,5.7,7.92,10.07
Dentists & Dental Services,Dental Equipment & Supplies,800,1000,1943.93,2200,2200,12.3,24.53,59.74,169.02,287.15,3.06,1.52,2.29,3.32,5.26,6.55
Dentists & Dental Services,Oral-Maxillofacial Pathology,,,,,,,,,,,2.7,,,,,
Education & Instruction,Driving Schools,1000,1000,1700.27,2200,3750,13.87,34.12,56.83,105.64,174.16,4.77,2.64,3.82,5.58,8.41,12.3
Education & Instruction,Pre-School,602,727,1078.11,1235,1615,40.45,64.07,106.7,183.09,281.46,2.85,4.71,6.23,7.92,10.59,13.2
Education & Instruction,Universities & Colleges,1000,1500,3642.59,3764.88,7000,1.92,8.33,38.86,198.34,468.72,2.03,0.39,1.06,2.36,5.87,10.18
Education & Instruction,Trade & Vocational Schools and Programs (Other),769,1000,2351.67,2900,4000,3.94,8.58,35.87,132.95,259.82,0.94,0.4,0.82,2.59,6.17,11.59
Education & Instruction,Student Exchange & Study Abroad Programs,,,,,,,,,,,3.87,,,,,
Education & Instruction,Education Schools and Programs,500,790,1399.05,1600,2500,7.24,15.18,45.6,132.95,267.74,2.32,0.77,1.68,3.46,8.08,10.91
Education & Instruction,Beauty Schools,1000,1000,4376.63,3300,15000,26.84,30.88,49.4,64.07,149.9,4.18,2.89,3.67,4.66,6.17,7.32
Education & Instruction,K-12 Schools,750,1000,1829.34,2500,3000,20.7,46.99,83.93,177.68,317.35,2.42,1.82,2.92,4.39,7.03,9.87
Education & Instruction,Certifications,1200,1500,1725.7,2014.29,2200,43.82,90.02,152.93,292.95,487.85,4.74,2.64,4.26,5.93,8.5,12.81
Education & Instruction,Special Education & Learning Disabilities,225,225,1138.04,1600,3000,2.44,5.16,21.12,63.43,179.47,7.44,0.25,1.68,2.92,8.5,11.13
Education & Instruction,z - Other (Specify Keywords Below),1200,1500,2650.6,3300,5000,7.03,12.94,46.99,121.51,217.02,1.9,1.57,2.1,4.18,8.67,10.59
Education & Instruction,Fitness Instruction (for Professionals),,,,,,,,,,,2.09,,,,,
Education & Instruction,Post-Graduate Degree Programs (Masters & Doctorates),1000,2000,3013.63,4000,5000,37.71,70.11,129.02,257.24,441.42,7.75,2.18,3.56,5.7,9.68,14.3
Education & Instruction,After-School Programs,500,500,1060.7,1000,2345,9.21,36.6,61.56,139.77,217.02,1.44,0.89,1.65,2.66,4.9,6.55
Education & Instruction,Dance / Ballet Schools & Lessons,465,500,1069.69,1100,3000,15.03,33.78,63.43,131.63,232.76,6.2,1.92,3.06,4.35,6.3,8.41
Education & Instruction,Drama & Dramatic Arts Schools and Instruction,1000,1000,1142.04,1300,1500,23.81,32.46,61.56,102.51,183.09,2.09,1.54,1.82,2.53,3.46,4.85
Education & Instruction,"Nursing, Allied/Mental Health & Human Services Schools and Programs",3115,4000,7435.54,12500,13250,60.34,91.84,162.39,273.14,454.86,3.31,3.22,4.18,6.75,11.36,14.44
Education & Instruction,Graduation,,,,,,,,,,,1.47,,,,,
Education & Instruction,Music Schools & Teachers,1000,1000,1924.44,1800,4250,1.54,3.74,15.03,70.81,157.59,8.21,0.45,0.97,2.27,7.1,10.18
Education & Instruction,Medical Schools (excl. Nursing & Allied Health),1000,2000,6309.21,15000,15000,137,275.89,561.16,1261.43,2186.37,4.77,3.67,6.62,8.85,12.06,19.11
Education & Instruction,Miscellaneous & Specialty Instruction,1800,1800,2609.1,3500,3500,23.57,42.52,99.48,214.86,399.41,3.36,2.51,2.97,4.01,5.47,7.17
Education & Instruction,Religion / Theology Schools and Programs,1500,1500,1961.15,1750,2450,16.44,25.28,76.71,212.72,450.34,1.37,1.34,1.99,3.97,9.87,13.46
Education & Instruction,Art & Design Schools and Programs,1500,2800,3059.03,4120,4920,42.52,94.63,156.02,311.06,428.38,3.36,2.69,3.46,4.18,5.47,6.62
Education & Instruction,Liberal Arts & Humanities Schools and Programs,,,,,,,,,,,1.1,,,,,
Education & Instruction,Agricultural & Food Sciences Schools and Programs,1000,1000,1656.09,2300,2300,139.77,170.72,242.26,317.35,492.75,4.91,2.53,4.01,4.76,6.42,7.69
Education & Instruction,Computer & IT Schools and Programs,6000,6000,7129.03,8500,8500,45.6,67.36,188.67,566.8,1587.63,3.22,3.19,3.78,14.15,54.05,62.8
Education & Instruction,Business / Management Schools and Programs (including MBA),3300,3300,3426.32,3300,3300,181.27,267.74,379.93,601.85,765.09,1.66,2.64,2.75,3.97,5.05,6.82
Electronics & Photo,Home Audio,750,750,1452.91,1700,1700,40.45,61.56,93.69,141.17,214.86,,4.9,5.58,6.55,7.77,8.76
Electronics & Photo,Car Electronics,750,845,1111.63,1500,1500,26.84,45.15,80.64,130.32,239.85,2.93,2.8,3.39,4.95,7.32,8.67
Electronics & Photo,Audio / Video Accessories & Media,1800,1800,2173.39,3000,3000,60.34,89.12,152.93,267.74,473.43,7.81,4.06,6.55,7.24,9.3,10.8
Electronics & Photo,Communications,3300,3300,3420,3500,3500,81.45,126.47,239.85,502.7,796.32,5.29,3.39,5.05,6.36,8.67,11.25
Electronics & Photo,Cameras & Photo (Albums),1500,2000,1983.4,2000,2500,30.27,36.23,63.43,101.49,149.9,11.32,3.06,3.29,4.14,4.22,5.16
Electronics & Photo,Gadgets & Other Electronics,4150,4150,5429.85,6150,6150,89.12,144.03,323.76,713.37,943.88,5.12,2.1,2.41,4.35,6.96,11.02
Electronics & Photo,Televisions & Home Theaters,750,750,1191,1800,1800,26.84,46.53,79.04,151.41,204.38,0.98,0.61,2.61,3.6,6.55,8.33
Electronics & Photo,z - Other (Specify Keywords Below),650,650,2802.29,6150,6150,16.61,46.53,107.77,365.04,720.54,2.7,2.18,2.86,4.26,5.53,9.78
Electronics & Photo,Home Automation,,,,,,,,,,,1.55,,,,,
Electronics & Photo,Cameras & Photo (Film),,,,,,,,,,,0.68,,,,,
Farming & Agriculture,Livestock & Livestock Services,,,,,,,,,,,3.27,,,,,
Farming & Agriculture,Auctions,1000,1000,1235.7,1381,1381,31.19,142.59,169.02,395.44,492.75,2.72,1.02,1.15,2.12,2.89,5.75
Farming & Agriculture,Fencing & Fencing Supplies,500,500,572.09,630,630,14.15,24.05,44.7,79.04,126.47,3.18,1.21,2.29,2.66,3.86,4.44
Farming & Agriculture,Tractors & Accessories,600,1200,2692.34,3000,8500,18.36,28.22,50.4,83.1,129.02,6.36,2.46,4.14,7.77,16.28,23.1
Farming & Agriculture,Food Manufacturers,1000,1000,1246.15,1000,1000,19.11,22.65,36.6,43.38,83.1,8.08,5.99,7.46,8.67,10.7,12.81
Farming & Agriculture,Guest Farms & Ranches,,,,,,,,,,,5.2,,,,,
Farming & Agriculture,z - Other (Specify Keywords Below),750,900,1736.07,2500,2500,15.49,21.33,46.06,141.17,228.15,3.01,2.46,3.25,5.16,7.69,9.87
Farming & Agriculture,Wildlife Management,,,,,,,,,,,6.64,,,,,
Farming & Agriculture,Storage,800,800,1964.04,3375,3375,46.53,79.04,148.41,270.43,497.7,6.43,3.13,6.17,8.33,13.07,15.8
Farming & Agriculture,Farm Equipment & Supplies,900,1414.29,1784.03,2000,2000,45.6,68.03,121.51,192.48,441.42,4.83,2.56,3.39,5.31,9.12,11.13
Farming & Agriculture,Fertilizers & Pesticides,500,500,11721.41,14750,52656,51.42,83.1,144.03,257.24,347.23,8.81,3.56,5.47,7.61,11.02,16.78
Farming & Agriculture,Farms (excl. Crops),500,500,570.75,750,750,16.28,41.26,70.81,186.79,225.88,4.64,1.2,1.73,2.75,4.71,5.42
Finance & Insurance,Mortgages & Refinancing,1000,1000,2185.96,3100,4000,6.42,18.92,71.52,275.89,589.93,1.72,0.8,1.79,3.9,7.85,12.55
Finance & Insurance,Insurance: Auto,375,500,1175.23,1200,2000,15.18,25.03,56.26,121.51,206.44,1.96,0.93,1.86,2.97,4.66,9.3
Finance & Insurance,Retirement Planning & Pensions,1500,1600,2074.71,2800,3400,46.06,112.17,217.02,441.42,749.95,3.85,2.05,3.19,5.21,11.47,16.28
Finance & Insurance,Loans & Borrowing (excl. Mortgages),750,1100,2689.13,4000,5000,19.3,30.57,109.95,347.23,665.14,14.49,1,2.53,4.71,11.7,17.99
Finance & Insurance,Banks,750,1500,2444.34,2836,5300,20.7,38.47,90.92,232.76,544.57,3.31,0.74,1.23,2.32,4.06,7.24
Finance & Insurance,Credit Unions,750,1000,1830.76,2500,3000,10.18,15.49,51.42,144.03,365.04,4.05,0.34,0.56,1.73,4.71,9.39
Finance & Insurance,z - Other (Specify Keywords Below),562.5,945.46,2931.19,2500,6412.5,24.29,53.52,130.32,347.23,566.8,3.78,2.01,2.97,3.86,5.58,7.85
Finance & Insurance,Insurance: Medical,850,1500,3753.01,3000,11848.11,31.82,51.42,131.63,350.72,742.48,2.4,1.28,2.53,3.82,6.49,8.5
Finance & Insurance,Estate Planning,1500,1500,5083.71,3900,15000,196.37,368.71,665.14,1224.15,1919.85,12.23,2.59,3.97,7.92,14.88,22.2
Finance & Insurance,Insurance: Life,375,800,1667.76,1800,3700,9.87,17.99,54.05,156.02,437.03,1.93,0.8,1.6,2.48,4.66,7.69
Finance & Insurance,Pawn Shops,,,,,,,,,,,10.1,,,,,
Finance & Insurance,"Stocks, Mutual Funds & Investments (Planning & Trading)",500,1000,2772.19,3000,8250,55.7,119.1,254.68,523.22,1107.65,6.37,1.75,2.61,4.71,9.78,15.33
Finance & Insurance,Insurance: Business,,,,,,,,,,,13.38,,,,,
Finance & Insurance,Insurance: Other,1181.25,1450,3395.14,2500,2500,44.7,69.41,141.17,278.66,539.15,8.33,4.01,6.62,9.39,15.18,21.76
Finance & Insurance,Accountants & CPAs,,,,,,,,,,,12.91,,,,,
Finance & Insurance,Trust Companies,750,1500,1758.51,2800,3400,5.58,11.47,70.81,340.36,671.83,3.57,2.36,3.22,6.49,12.3,15.96
Finance & Insurance,Credit Cards,750,800,2078.13,2500,4000,10.18,12.68,17.99,23.34,36.97,0.53,0.57,0.87,1.58,3.25,4.35
Finance & Insurance,Insurance: Home,375,375,1516.17,2000,2000,13.87,21.12,49.9,105.64,232.76,6.07,1.72,2.46,3.86,5.75,12.68
Furniture,Accent Furniture,1184.9,1228.25,2048.94,2950,3500,31.82,51.42,93.69,164.02,314.19,2.7,1.35,1.8,2.48,3.53,4.39
Furniture,Living Room Furniture,1000,1500,2765.12,3650,5500,36.97,58.56,102.51,177.68,333.62,2.9,1.72,2.39,3.35,4.62,6.49
Furniture,Mattresses & Bedding,750,1000,2333.55,3000,5000,34.47,67.36,129.02,259.82,502.7,2.93,2.27,3.42,5.21,8.25,10.38
Furniture,Home Decor,2000,2000,5832.7,11000,12525.4,41.26,72.24,141.17,278.66,454.86,1.34,1.54,2.48,3.25,4.53,5.99
Furniture,Bedroom Furniture,750,1000,2619.54,3000,5000,21.12,45.6,93.69,200.34,376.15,4.13,1.55,2.46,3.6,5.31,7.32
Furniture,Dining Room & Kitchen Furniture,1500,1500,3151.55,3500,5500,25.53,55.15,112.17,249.64,419.89,1.67,1.49,2.46,3.63,5.31,7.1
Furniture,Outdoor / Patio Furniture,500,1000,2245.77,2500,5500,46.99,89.12,174.16,379.93,533.79,1.3,2.41,3.53,4.95,6.89,10.7
Furniture,Furniture Repair & Refinishing,750,1000,1110.55,1500,1500,28.22,41.68,66.69,109.95,165.67,3.55,2.8,3.25,4.9,7.61,9.97
Furniture,z - Other (Specify Keywords Below),1600,3000,4955.84,4750,11000,54.6,91.84,186.79,372.41,692.29,7.87,1.3,2.27,5.53,11.59,16.28
Furniture,Home Entertainment Furniture,2950,3163,4539.8,3680,11125,44.7,73.7,132.95,225.88,432.68,2.33,1.48,1.92,2.86,3.82,6.96
Furniture,Children's Furniture,1500,1500,1833.92,1500,2950,44.7,66.02,117.92,223.63,336.97,2.76,2.27,3.25,3.9,5.37,6.49
Furniture,Baby / Nursery Furniture,1500,1500,1482.99,1500,1500,85.63,120.3,194.42,323.76,437.03,3.83,4.85,5.7,6.05,7.03,7.69
Furniture,"Covers, Fabric & Upholstery",3000,3000,2969.07,3300,3300,111.05,210.61,354.25,727.78,828.82,6.14,5.16,6.89,7.46,9.21,11.47
Furniture,Office Furniture,1700,1700,2439.27,2580,2950,55.15,98.49,179.47,323.76,595.86,3.19,2.92,3.74,4.44,5.7,6.49
Furniture,Bathroom Furniture,2950,2950,4148.17,7000,7000,31.19,48.91,142.59,365.04,906.87,4.39,1.4,2.94,3.49,5.16,6.17
Government & Politics,Consumer Protection,3000,5000,5724.45,8000,8000,96.54,113.3,169.02,210.61,365.04,3.73,3.06,4.26,6.82,13.6,15.03
Government & Politics,City / County Government,500,500,740.63,825,825,2.18,111.05,85.63,162.39,208.51,0.56,0.35,0.75,1.16,1.67,2.29
Government & Politics,Parks & Interior,,,,,,,,,,,1.97,,,,,
Government & Politics,Business & Commerce,2395,2693.71,4230.5,4790,5000,906.87,953.37,1211.97,1571.84,1702.75,15.23,0.96,1.19,2.16,2.51,11.02
Government & Politics,Education,875,875,987.5,1050,1050,,,,,,0.97,0.92,1,1.43,1.68,2.27
Government & Politics,Federal Government,,,,,,,,,,,1.94,,,,,
Government & Politics,z - Other (Specify Keywords Below),1982,1982,2801.25,3185,5030,21.12,28.5,43.38,57.97,96.54,1.09,1.03,1.28,2.8,4.81,6.62
Government & Politics,State Government,1625,1875,3211.78,4500,4500,76.71,122.73,214.86,368.71,713.37,3.85,0.59,1.09,2.41,4.76,9.03
Government & Politics,Health & Human Services,1041,1041,11913.17,10000,50000,15.8,22.42,34.47,47.94,73.7,5.19,1.43,1.8,2.72,3.86,4.85
Government & Politics,Veterans Affairs,1000,1000,1000,1000,1000,78.26,113.3,172.43,237.46,237.46,0.43,0.4,0.45,0.56,0.62,0.97
Government & Politics,Police,,,,,,,,,,,4.59,,,,,
Government & Politics,Fire,,,,,,,,,,,11.39,,,,,
Government & Politics,Immigration,,,,,,,,,,,16.59,,,,,
Government & Politics,Housing & Urban Development,,,,,,,,,,,,,,,,
Government & Politics,Environment,1000,1000,2050,4000,4000,41.68,80.64,116.75,206.44,242.26,,1.43,3,5.26,12.55,18.17
Government & Politics,Energy,,,,,,,,,,,,,,,,
Government & Politics,Public & Civil Service,,,,,,,,,,,,,,,,
Health & Fitness,"Assisted Living, Elder & Home Care Services",100,339,1295.89,1767,3060,13.87,32.79,66.02,146.94,275.89,3.58,2.34,3.53,5.42,8.5,12.3
Health & Fitness,Prosthetics,75,325,643.11,925,1000,18.36,33.12,60.34,108.85,217.02,2.92,2.92,4.62,6.82,10.91,15.64
Health & Fitness,Mental Health,660,880,1848.54,2370,3238,30.57,69.41,138.38,292.95,550.04,2.78,1.75,2.46,4.39,8.5,12.81
Health & Fitness,Hospitals & Clinics (Specialized Services),750,1000,2435.61,2500,5270.5,14.3,31.19,70.81,170.72,333.62,1.12,2.08,3.13,4.76,7.69,11.7
Health & Fitness,Podiatry,1000,1000,1951.01,3000,3000,28.79,47.94,81.45,141.17,239.85,11.47,5.26,9.12,11.94,17.99,22.42
Health & Fitness,Bodybuilding & Weight Training,1000,1000,2943.43,3100,9000,15.96,35.87,58.56,99.48,200.34,1.34,1.05,1.79,2.92,4.95,5.99
Health & Fitness,z - Other (Specify Keywords Below),750,950,1358.28,1500,2050,24.53,50.91,90.92,184.93,301.87,4.05,2.16,3.1,4.48,6.75,9.49
Health & Fitness,Hearing Aids & Care,269.34,800,2204.18,2275,4158,11.82,28.22,72.24,212.72,464.05,17.64,3.46,5.26,7.77,12.06,17.12
Health & Fitness,Addiction Recovery,828,1173,1996.24,2090,3152.5,31.5,69.41,123.97,239.85,450.34,7.81,1.36,2.18,3.29,5.1,8.25
Health & Fitness,Diet & Weight Loss Centers/Products,1500,1632,2872.53,3500,5000,31.19,64.07,137,295.89,502.7,3.95,3.86,5.87,8.41,12.81,16.12
Health & Fitness,Pharmacies,500,500,4005.56,6800,6800,9.3,25.03,57.97,170.72,311.06,5.38,2.27,3.32,4.57,7.32,9.3
Health & Fitness,Acupuncture / Accupressure,1500,1500,1633.59,1850,1850,25.28,34.12,52.46,67.36,139.77,5.09,5.37,5.99,6.96,8.17,9.21
Health & Fitness,Health Insurance,2000,2000,2732.64,3100,3100,2.29,2.75,5,9.21,13.33,1.15,0.3,0.37,0.57,0.92,1.19
Health & Fitness,Sleep Disorders,700,1500,3692.75,2310,4000,14.01,25.28,52.98,120.3,210.61,3.38,2.53,3.6,5.7,8.67,15.03
Health & Fitness,Imaging & X-Rays,850,1000,1731.83,2000,2500,4.35,7.32,15.96,34.47,78.26,2.77,0.89,1.39,2.66,5.7,8.17
Health & Fitness,Health Clubs & Gyms,300,750,2019.23,2000,5824,10.38,19.69,44.7,99.48,188.67,5.25,1.28,2.18,3.49,5.81,8.41
Health & Fitness,Immunizations & Vaccinations,500,500,824.83,750,1200,7.92,12.18,24.53,45.15,98.49,2.84,1.2,1.67,2.36,3.35,4.35
Health & Fitness,Cancer Centers,920,1080,1418.4,2000,2100,2.41,3.78,7.1,10.49,31.5,2.23,1.03,1.48,2.56,4.76,6.49
Health & Fitness,First Aid Instruction & Medical Supplies,1200,1200,1900.35,2300,2900,31.19,45.6,71.52,112.17,174.16,3.23,2.83,3.86,4.44,5.53,6.49
Health & Fitness,Physical Therapy,300,300,747.4,750,1200,12.18,20.09,35.16,62.18,107.77,4.78,2.8,3.71,5.31,7.32,10.7
Health & Fitness,Vitamins & Nutritional Supplements,1000,1500,2525.68,3000,5200,44.7,61.56,112.17,181.27,354.25,0.52,0.96,4.31,6.69,13.46,20.29
Health & Fitness,Prescription Drugs / Pharmaceuticals,3000,3000,8870.5,14741,14741,21.98,482.99,539.15,1107.65,1603.59,15.49,5.31,7.69,10.7,14.73,19.69
Health & Fitness,Chiropractic Care,500,750,1189.5,1500,1500,15.49,31.19,57.97,114.43,200.34,2.64,2.12,3.1,5.16,8.5,13.2
Health & Fitness,Health Food Stores,,,,,,,,,,,1.59,,,,,
Health & Fitness,"Opticians, Glasses & Contacts",750,1300,1478.88,1700,1800,4.22,12.3,24.29,49.4,109.95,4.81,1.54,3.67,4.81,6.69,12.43
Health & Fitness,"Counselors for Marriage, Family & Self",500,500,1143.92,1000,2900,17.64,38.09,75.19,162.39,350.72,2.11,1.73,3.1,4.9,8.5,13.2
Health & Fitness,Alternative Health,1000,1200,2029.28,2500,4000,30.88,47.94,107.77,225.88,428.38,10.96,2.69,3.63,6.36,10.18,18.54
Health & Fitness,"Women's Health, Fertility & Reproductive",750,1500,2102.47,2655,2655,2.83,3.25,14.3,55.7,177.68,10.1,0.82,0.94,1.9,3.16,7.1
Health & Fitness,Nursing & Allied Health,900,960,1581.74,2500,2610,27.66,41.68,68.03,111.05,177.68,2.26,1.79,2.8,4.35,7.46,9.12
Health & Fitness,Occupational Health & Safety,,,,,,,,,,,4.58,,,,,
Health & Fitness,Adoption Services,3000,5000,4530.05,5000,5000,55.15,86.49,172.43,333.62,578.25,2.94,1.82,2.27,3.35,4.76,7.46
Health & Fitness,Family Planning Centers,500,500,1733.68,2660,3500,29.67,64.72,121.51,232.76,407.48,3.58,2.12,2.48,4.66,8.41,12.3
Health & Fitness,Personal Fitness Trainers,800,800,1133.59,1250,1500,9.03,12.81,23.81,37.34,85.63,2.81,1.09,1.62,2.59,3.97,5
Health & Fitness,Massage Therapy,200,300,586.88,500,1500,7.46,9.21,17.64,29.96,64.07,1.29,1.11,1.28,1.95,2.97,4.39
Health & Fitness,Exercise Equipment,1000,1000,2882.81,5000,5000,8.41,9.03,20.91,35.87,121.51,2.14,1.17,1.9,3.06,5.93,7.1
Health & Fitness,Public Health,750,1200,1370.5,1500,2800,11.94,23.1,69.41,295.89,432.68,,1.35,1.77,3.35,5.47,14.59
Home & Home Improvement,Tile & Marble Contractors & Dealers,500,500,1852.26,2500,4000,9.49,39.25,71.52,174.16,298.87,1.2,2.23,3.25,4.18,7.03,8.94
Home & Home Improvement,Air Conditioning Installation and Repair,1150,1850,5565.28,6937.5,12250,22.87,42.52,117.92,307.97,595.86,9.22,2.59,5.05,8.94,17.29,26.58
Home & Home Improvement,Tree Services,500,1000,2332.07,2500,6000,14.44,36.97,77.48,177.68,314.19,2.94,3.1,5.21,8.85,16.12,23.57
Home & Home Improvement,Blinds & Window Treatments,500,750,1608.98,2025,3000,29.96,57.97,109.95,217.02,379.93,3.58,3.82,5.53,7.32,10.18,13.87
Home & Home Improvement,Doors & Windows Sales,800,1500,3750.96,5062.5,7724,33.78,84.77,174.16,399.41,735.1,3.65,3.22,4.95,8.76,15.8,28.79
Home & Home Improvement,Pools and Spas,290,430,896.19,980,1600,14.44,24.05,46.99,88.23,170.72,2.83,3,4.14,5.81,8,11.59
Home & Home Improvement,Electricians & Electrical Contractors,700,1000,5808.7,3000,5000,25.53,47.94,94.63,194.42,361.41,8.4,5.16,8.17,11.59,17.29,25.79
Home & Home Improvement,Well Drilling & Service,500,1000,2641.29,3500,5500,48.91,77.48,151.41,290.03,497.7,9.92,4.62,7.17,10.59,16.28,23.1
Home & Home Improvement,Handyman Services,600,925,1339.23,1800,2000,21.54,32.46,56.26,91.84,156.02,3.78,3.86,5.1,7.17,10.07,13.6
Home & Home Improvement,Cleaning / Maid / Butler Services,625,1000,1704.09,2175,3000,20.91,29.96,48.91,73.7,130.32,5.02,4.39,6.17,8.08,10.59,13.87
Home & Home Improvement,Window Cleaning,500,600,1242.16,1500,2200,27.66,42.1,69.41,115.58,184.93,7.56,5.64,7.24,9.03,11.47,14.3
Home & Home Improvement,Appliance Rental and Sales,500,500,1575.17,2400,3000,10.38,19.11,48.42,115.58,235.1,1.96,1.73,2.69,4.14,6.42,9.97
Home & Home Improvement,Doors & Windows Installation and Repair,690,1080,3184.16,4200,6300,35.52,62.18,132.95,273.14,550.04,7.9,2.18,3.9,6.23,10.91,17.64
Home & Home Improvement,Court (Athletic) Construction,1150,1150,1192.01,1200,1200,51.42,75.19,125.21,196.37,347.23,7.73,5.58,6.55,8.08,10.07,11.94
Home & Home Improvement,Waste Removal (incl. Rubbish Containers),800,1250,2523.97,3500,5500,16.12,40.04,83.1,175.91,323.76,4.05,3.25,4.76,7.17,10.91,16.61
Home & Home Improvement,Cabinetry & Woodwork,1000,1200,3041.69,4500,5600,74.44,117.92,239.85,459.44,828.82,17.62,2.34,4.39,7.39,12.55,17.99
Home & Home Improvement,Concrete & Masonry,650,1200,2238.89,2500,4300,29.37,55.15,109.95,225.88,383.75,5.16,3.39,4.95,8.5,14.73,23.57
Home & Home Improvement,Closets & Storage,250,550,1920.34,2750,5000,10.7,52.98,111.05,347.23,645.48,6.62,3.06,4.39,6.49,10.18,14.59
Home & Home Improvement,Water Purification,500,500,1722.15,2000,4250,26.31,45.6,86.49,162.39,347.23,8.98,5.7,7.03,9.12,11.25,16.28
Home & Home Improvement,Lawn & Garden Care,500,800,1316.77,1350,2500,11.82,27.94,54.6,114.43,223.63,5.46,2.16,3.78,5.93,10.07,15.03
Home & Home Improvement,Storage,575,750,1426.65,1500,2500,36.6,66.02,112.17,208.51,317.35,9.17,3.86,5.1,7.77,11.7,16.61
Home & Home Improvement,Roofing & Gutters,1000,1500,3906.3,4600,8000,50.91,107.77,217.02,459.44,845.56,9.75,2.69,4.71,9.3,18.54,30.57
Home & Home Improvement,Countertops,812,1150,2034.08,2688,3300,48.42,81.45,142.59,262.43,432.68,5.04,3.25,4.76,7.03,10.8,15.03
Home & Home Improvement,Plumbing,1000,1800,4778.78,6000,9500,24.29,56.26,122.73,273.14,539.15,3.59,1.86,4.26,9.21,21.12,36.23
Home & Home Improvement,Glass & Screens,650,900,1719.16,2500,3500,15.64,24.05,42.1,67.36,121.51,5.21,2.46,3.82,5.75,9.3,12.94
Home & Home Improvement,Landscaping,600,1000,2370.25,2800,6000,29.08,53.52,111.05,232.76,415.72,4.64,2.97,4.9,7.69,12.94,18.36
Home & Home Improvement,Pest & Rodent Control,750,1171.43,4541.74,3000,8500,15.64,36.6,88.23,223.63,387.61,6.08,3.6,5.53,9.3,15.8,23.81
Home & Home Improvement,Handicapped Accessible,200,200,918.43,1200,2250,8.76,23.34,49.9,123.97,225.88,4.08,2.16,3.03,4.1,5.93,8.17
Home & Home Improvement,Movers & Moving,750,1000,3710.64,4000,8000,27.39,48.42,100.48,221.41,512.86,23.75,3.1,5.37,10.18,22.2,37.71
Home & Home Improvement,Construction & Contractors (General),750,1200,2726.26,3600,5000,49.4,83.93,174.16,350.72,626.41,9.22,1.8,2.8,5.21,9.49,15.96
Home & Home Improvement,Septic & Sewer Services,700,1000,2839.42,3000,7500,23.81,45.15,82.27,154.47,262.43,2.65,3.06,5.47,8.85,15.96,23.81
Home & Home Improvement,"Carpet, Rugs & Flooring Sales and Rentals",650,1000,1828.74,2200,3000,30.27,63.43,125.21,259.82,464.05,8,3.6,5.16,7.24,10.7,13.74
Home & Home Improvement,Interior Decorators & Designers,500,933,1317.92,2000,2000,63.43,98.49,190.57,357.81,632.7,6.06,2.89,4.66,7.24,10.38,24.05
Home & Home Improvement,Heating & Furnaces,1200,1800,5668.08,7500,13000,22.2,45.6,114.43,270.43,502.7,9.02,2.64,4.95,8.85,17.64,27.39
Home & Home Improvement,Awnings & Canopies,750,1200,1908.08,2400,3000,43.82,68.03,112.17,183.09,284.29,4.7,3.74,5.26,7.46,10.49,14.44
Home & Home Improvement,Carpet & Flooring Installation,750,1250,2204.72,2500,4384,35.87,68.72,126.47,242.26,445.86,3.21,3.63,4.66,7.1,10.49,15.8
Home & Home Improvement,Garages,500,900,2158.7,3000,5000,18.54,39.65,79.04,165.67,311.06,2.33,1.28,2.64,4.81,9.3,16.44
Home & Home Improvement,z - Other (Specify Keywords Below),500,1000,2020.08,2000,4000,29.37,50.91,106.7,232.76,445.86,4.99,1.86,3.67,6.11,10.91,17.29
Home & Home Improvement,Cement & Paving (incl. Driveways),1000,1202.5,2253.89,2380,6000,38.86,70.81,116.75,208.51,336.97,18.62,3.49,5.05,8,13.2,18.54
Home & Home Improvement,Fencing / Perimeter Walls,750,1200,3231.02,3000,7000,26.05,42.52,83.1,157.59,281.46,4.89,3.63,5.21,7.85,11.82,16.78
Home & Home Improvement,Paint and Painting,750,1000,1991.01,2000,3100,34.12,70.11,125.21,239.85,399.41,16.21,3.63,8,10.91,17.46,22.65
Home & Home Improvement,Decks & Patios,1000,1500,2736.03,3900,6050,60.95,113.3,198.34,379.93,639.06,13.33,4.81,7.46,9.97,13.87,20.09
Home & Home Improvement,Bathroom Remodeling,1000,1500,5181.38,4000,8000,50.4,81.45,183.09,428.38,765.09,5.73,2.61,4.9,6.82,10.28,15.96
Home & Home Improvement,Kitchen Remodeling,1000,1200,3941.33,4000,5000,70.81,132.95,247.15,497.7,888.91,8.03,2.29,4.18,6.49,10.91,15.03
Home & Home Improvement,Appliance Installation and Repair,500,642.86,1491.02,1700,3500,14.15,23.81,44.26,81.45,148.41,14.14,3.29,5.37,7.32,11.47,15.96
Home & Home Improvement,"Bathroom Fixtures, Equipment & Supplies",500,800,1339.35,1625,1900,19.11,33.78,68.72,141.17,254.68,3.19,1.99,3.35,4.18,5.81,7.85
Home & Home Improvement,Architects,900,900,1728.52,1750,2300,80.64,97.51,198.34,336.97,572.49,3.66,1.52,2.66,3.6,5.37,8.58
Home & Home Improvement,Lumber & Other Building Materials,1000,1500,3588.2,5000,8000,9.78,35.52,113.3,336.97,735.1,3.17,1.34,2.23,3.25,5.58,8.58
Home & Home Improvement,Propane Gas & Tanks,787,1200,2795.71,3544,5928,27.39,42.1,75.19,134.29,235.1,6.38,5,6.49,9.03,12.94,17.46
Home & Home Improvement,Chimney & Fireplace,1000,1000,2180.13,2500,4000,29.08,47.47,89.12,159.17,287.15,2.87,3.82,5.31,7.92,12.18,16.61
Home & Home Improvement,Lawn & Garden Equipment Sales & Service,750,1000,15090.26,2000,60000,18.54,26.58,55.7,105.64,212.72,6.08,1.7,2.61,4.48,7.77,10.38
Home & Home Improvement,"Siding Sales, Installation & Repair",1000,1400,2649.85,3150,5500,71.52,130.32,257.24,518.01,906.87,6.65,2.72,6.3,9.49,16.78,24.53
Home & Home Improvement,Sunrooms and Solariums,1700,1700,3371.71,4430,6500,70.81,104.58,192.48,347.23,544.57,4.16,4.31,5.99,7.92,10.38,14.88
Home & Home Improvement,Foundations & Retaining Walls,1000,2000,4344.03,6000,7500,72.97,130.32,259.82,507.76,871.31,10.9,2.61,4.9,9.58,19.11,27.39
Home & Home Improvement,Security & Alarm Systems,1000,1400,3206.84,4100,5700,19.49,39.65,101.49,267.74,566.8,6.77,2.41,4.22,5.99,9.49,14.44
Home & Home Improvement,Stairs / Railings,800,800,1138.79,1150,1900,9.21,25.53,51.94,152.93,232.76,8.75,2.94,4.26,5.93,8.76,11.13
Home & Home Improvement,Attics & Basements,1250,1250,6779.28,12500,16500,94.63,152.93,223.63,347.23,450.34,10.54,5.87,7.46,9.97,12.68,17.46
Home & Home Improvement,Elevators & Lifts,1000,1000,1611,1250,3200,34.12,57.4,96.54,162.39,259.82,9,3.39,4.44,5.75,7.61,10.59
Home & Home Improvement,Home Furnishings & Decor,1000,1000,1475.77,1500,2550,18.54,47.47,68.72,151.41,284.29,2.22,0.98,2.46,3.86,7.85,11.7
Home & Home Improvement,Solar Panels & Power,937.5,2000,3700.82,4500,6500,89.12,137,244.69,437.03,749.95,7.45,3.94,6.82,10.18,15.49,27.39
Home & Home Improvement,Lighting,750,1000,1242.01,1500,2000,27.11,46.06,87.36,183.09,295.89,5.32,2.41,3.53,5.42,8,12.18
Home & Home Improvement,Environmental Testing & Cleanup,800,1500,2216.1,3000,5000,25.28,49.4,97.51,190.57,376.15,2.79,3.32,5.1,7.85,11.94,17.12
Home & Home Improvement,Tools & Hardware,750,1500,1479.21,1500,2150,5.93,7.69,15.03,21.12,78.26,4.52,0.73,1.25,1.82,3.25,5.16
Home & Home Improvement,Damage Restoration (incl. Water and Fire),500,860,2302.06,2600,6000,35.87,83.93,170.72,368.71,727.78,6.08,1.55,3.56,9.49,24.53,54.05
Home & Home Improvement,Home Improvement Centers,500,933,1178.22,1600,1800,15.18,30.88,52.46,92.76,179.47,10.41,0.97,1.45,3.32,6.3,8.85
Home & Home Improvement,Land Clearing,1250,1250,3772.73,4500,7500,22.42,42.52,60.34,85.63,148.41,14.48,7.39,9.87,12.55,15.64,19.69
Home & Home Improvement,Water Heaters,1300,1500,4930.2,9451,10000,44.26,91.84,192.48,391.51,727.78,16.55,3.25,5.31,9.58,17.29,26.84
Home & Home Improvement,Insulation & Weather Stripping,1000,1100,2521.22,3000,4200,49.4,79.04,144.03,252.14,424.11,17.67,4.66,7.1,11.47,19.89,27.66
Home & Home Improvement,"Carpet, Rug & Flooring Cleaning",1000,1350,2324.77,3900,4340,35.52,56.26,94.63,146.94,259.82,7.66,6.36,9.03,10.38,13.74,15.96
Home & Home Improvement,Nursery and Garden Centers,500,700,1066.18,1500,1500,7.17,11.25,27.39,52.98,115.58,1.38,1.16,1.54,2.69,4.71,6.62
Home & Home Improvement,Air Conditioning Sales,1250,2000,5019.02,6500,12000,21.54,34.47,94.63,223.63,492.75,3.02,2.2,4.95,8.5,16.78,25.79
Home & Home Improvement,Excavation,500,500,1201.05,1800,1800,45.15,69.41,108.85,192.48,287.15,21.48,3.63,5.93,9.68,16.95,22.65
Home & Home Improvement,Drywall and Plastering,1000,1000,1226.15,1500,1500,37.71,68.72,119.1,242.26,372.41,6.86,1.4,5.1,9.78,25.53,38.47
Home & Home Improvement,"Upholstery, Covers & Fabric",1050,1200,1395.93,1800,1800,20.91,26.58,43.38,69.41,120.3,1.08,1.93,2.25,4.39,6.89,17.46
Home & Home Improvement,Surveying,960,960,981.82,1000,1000,13.6,16.95,24.29,33.45,59.15,4.03,2.56,3.25,3.82,4.9,5.53
Home & Home Improvement,"Staining, Finishing & Waterproofing",1200,1500,2528.46,3300,4800,66.69,109.95,192.48,336.97,550.04,5.71,2.25,4.31,7.32,12.94,20.49
Home & Home Improvement,Stucco & Plaster,,,,,,,,,,,,,,,,
Home & Home Improvement,Barbecues & Grills,1000,1000,2827.73,4750,4750,8.94,12.18,62.18,278.66,584.06,1.27,1.86,2.05,4.39,8.08,9.87
Home & Home Improvement,Outbuildings,750,1200,1434.95,2000,2000,41.26,62.8,99.48,141.17,259.82,2.69,1.99,2.27,3.22,4.22,7.61
Home & Home Improvement,Inspection,500,900,1450.81,2000,2000,23.34,35.87,72.97,149.9,336.97,7.75,6.05,6.82,9.39,13.33,17.64
Home & Home Improvement,Wallpaper Installation,,,,,,,,,,,2.39,,,,,
Home & Home Improvement,Home Entertainment Installation & Repair,1000,1000,975.38,1000,1000,81.45,117.92,167.34,225.88,320.54,13.78,6.89,8.5,11.13,15.18,18.36
Home & Home Improvement,Demolition and Disposal,1000,2000,1986.25,2000,3000,66.69,100.48,162.39,244.69,482.99,17.9,4.62,8.67,12.81,20.7,26.31
Home & Home Improvement,Engineering,,,,,,,,,,,3.78,,,,,
Home & Home Improvement,Carpenters,1000,1000,2094.41,2500,2500,72.24,120.3,184.93,292.95,482.99,1.55,6.17,7.03,7.92,9.87,10.91
Industrial & Commercial,z - Other (Specify Keywords Below),500,1000,3018.94,3500,6000,28.79,55.7,114.43,244.69,473.43,3.62,2.05,4.01,6.36,11.25,17.46
Industrial & Commercial,Industrial Supply & MRO,800,1375,2469.9,3000,5000,26.84,50.91,102.51,214.86,372.41,3.12,2.16,3.67,5.58,8.76,14.3
Industrial & Commercial,Oil & Gas,950,1000,2150.54,2101,4000,10.8,27.11,50.91,113.3,212.72,12.79,3.1,5.16,7.39,12.81,17.29
Industrial & Commercial,Construction Equipment,900,1000,2084.5,2200,3600,12.06,21.33,50.91,121.51,249.64,2.52,1.79,2.51,4.35,7.03,12.94
Industrial & Commercial,Power & Utilities,750,1000,2344.5,3300,4000,34.12,56.26,105.64,188.67,361.41,6.41,1.42,2.92,4.9,9.21,14.59
Industrial & Commercial,Construction Services & Contractors,750,1000,1941.83,2200,3500,23.81,54.6,114.43,262.43,464.05,4.22,2.48,4.1,6.96,12.18,19.69
Industrial & Commercial,Electronic Components,800,1000,2758.73,3551,6000,16.61,28.79,106.7,323.76,765.09,6.19,1.31,2.44,4.1,6.96,14.3
Industrial & Commercial,Healthcare & Medical Equipment,571,1500,10224.05,6785,37800,21.12,35.52,169.02,845.56,2617.57,2.34,0.65,1.99,2.44,4.14,6.69
Industrial & Commercial,Process Equipment,500,500,4459.39,7250,10325,34.47,76.71,137,267.74,407.48,2.16,2.05,3.16,4.35,5.93,11.94
Industrial & Commercial,Metalworking,750,1500,2843.13,3800,5000,17.29,35.52,72.97,149.9,298.87,4.78,1.88,3.25,5.47,9.49,15.03
Industrial & Commercial,Laboratory & Life Science,500,500,1558.93,3000,3000,26.31,47.94,109.95,320.54,780.55,9.81,3.97,5.26,8.08,12.68,16.12
Industrial & Commercial,Textile & Apparel Manufacturing,1500,1500,2095.24,2500,3500,190.57,295.89,343.78,437.03,468.72,9.2,1.42,1.9,2.46,3.16,3.9
Industrial & Commercial,Plastics Equipment & Materials,700,700,1977.57,3000,3000,83.1,106.7,160.77,225.88,365.04,3.97,3.46,4.01,6.23,9.68,10.18
Industrial & Commercial,Transportation Services,500,1100,1094.81,1600,1600,5.87,8.76,38.09,96.54,167.34,14.02,1.9,2.61,5.93,12.94,17.64
Industrial & Commercial,Retail Equipment & Supplies,500,1100,1304.37,2000,2100,13.87,18.73,33.45,55.7,102.51,2.38,1.07,1.23,2.01,3.53,4.48
Industrial & Commercial,Restaurant Equipment,600,600,2646.5,2850,8000,66.69,86.49,145.47,198.34,407.48,19.66,2.86,3.9,8.67,22.65,27.39
Industrial & Commercial,Mining,800,800,1020.83,1300,1400,15.18,19.3,42.52,90.92,202.35,2.86,1.92,2.48,3.9,5.93,9.12
"Personal Services (Weddings, Cleaners, etc.)",Funeral & Cemetery,650,950,1550.77,2000,3000,28.5,48.91,84.77,151.41,265.07,1.88,1.51,2.8,4.22,7.77,11.02
"Personal Services (Weddings, Cleaners, etc.)",Daycare / Babysitters & Baby Services,500,600,923.67,1000,1500,9.3,14.15,36.6,92.76,184.93,3.5,2.86,3.71,5.53,8.08,10.7
"Personal Services (Weddings, Cleaners, etc.)",Cleaning / Maid Services,400,750,1453.85,2000,3000,21.76,32.14,54.05,89.12,149.9,8.13,4.44,6.49,8.41,11.59,14.73
"Personal Services (Weddings, Cleaners, etc.)",Party & Special Event Planning,650,1000,1822.19,2000,2750,10.07,17.64,38.86,79.84,164.02,2.1,1.46,2.25,3.42,5.26,9.3
"Personal Services (Weddings, Cleaners, etc.)",Catering & Personal Chefs,3000,3000,3000,3000,3000,115.58,175.91,275.89,437.03,742.48,5.21,4.57,5,5.64,6.82,7.61
"Personal Services (Weddings, Cleaners, etc.)",Wedding Planning & Wedding Services,800,1000,2106.13,3900,4200,5.87,43.38,79.04,219.2,379.93,7.69,1.51,2.48,3.56,5.21,7.17
"Personal Services (Weddings, Cleaners, etc.)",Banquet Halls,1000,1000,1723.08,2000,3100,19.69,41.68,88.23,206.44,391.51,1.38,1.67,2.32,3.49,5.16,7.61
"Personal Services (Weddings, Cleaners, etc.)",Limousine & Valet Services,951,1750,2125.85,2500,3000,14.88,19.3,40.45,72.24,138.38,2.93,2.51,3.13,4.57,6.23,8.25
"Personal Services (Weddings, Cleaners, etc.)",z - Other (Specify Keywords Below),800,1000,1402.5,1800,2300,15.64,29.08,62.8,122.73,284.29,4.17,2.08,2.89,4.26,5.99,9.87
"Personal Services (Weddings, Cleaners, etc.)",Dry Cleaners & Laundry,700,960,1819.67,1939,2808,31.82,59.15,130.32,292.95,468.72,3.62,4.14,5.21,7.24,9.39,15.49
"Personal Services (Weddings, Cleaners, etc.)",Bridal Shops,1450,1450,1558.81,1450,1450,9.58,11.47,14.44,18.17,21.12,1.6,1.05,1.3,1.72,1.97,2.64
"Personal Services (Weddings, Cleaners, etc.)",Costume Sales & Rental,,,,,,,,,,,2.23,,,,,
"Personal Services (Weddings, Cleaners, etc.)",Mail & Shipping,,,,,,,,,,,2.37,,,,,
"Personal Services (Weddings, Cleaners, etc.)",Private Investigation,,,,,,,,,,,2.03,,,,,
"Personal Services (Weddings, Cleaners, etc.)","Photographers, Portrait & Commercial",1000,1100,1354.4,1970,1970,66.02,104.58,162.39,270.43,336.97,2.42,2.64,3.29,4.81,6.62,7.24
Physicians & Surgeons,Cardiology,1000,1227.7,1870.8,1600,4428.57,5.26,7.85,25.53,54.6,111.05,1.2,0.93,1.15,2.23,4.62,6.11
Physicians & Surgeons,Hematology,1595,1595,2554.64,3840,3840,12.43,17.64,30.57,48.91,84.77,2.92,2.83,3.46,3.97,4.66,5.16
Physicians & Surgeons,Plastic / Cosmetic Surgery,500,1000,3548.54,5000,7500,19.49,47.94,107.77,265.07,518.01,4.97,2.64,3.9,5.93,9.39,13.33
Physicians & Surgeons,Oncology (Cancer),641.38,1500,2189.34,2685,4290,7.61,16.12,36.97,85.63,172.43,5.95,1.58,2.32,3.49,5.7,7.46
Physicians & Surgeons,Emergency Medicine,1000,1800,3760.25,5350,7550,4.66,14.3,39.25,108.85,198.34,1.68,1.09,1.55,2.61,4.22,8.25
Physicians & Surgeons,Dermatology,500,600,1075.46,1500,1859,6.11,10.8,21.98,42.95,81.45,4.09,2.1,3.19,4.57,6.89,9.58
Physicians & Surgeons,Ophthalmology,750,1000,2091.56,2000,3650,6.17,14.15,30.88,66.69,152.93,5.23,1.95,3.03,5.16,8.76,14.59
Physicians & Surgeons,Urology,350,550,1446.04,1750,2350,23.34,49.4,90.92,200.34,354.25,6.19,1.8,3.19,5.37,9.39,13.87
Physicians & Surgeons,Podiatry,1425,1750,2086.11,2500,3000,15.8,29.96,61.56,117.92,295.89,3.56,2.8,3.74,5.64,8.25,12.43
Physicians & Surgeons,Allergy & Immunology,1000,2625,6280.02,9000,12500,17.99,38.47,68.03,132.95,208.51,4.48,3.6,5.75,8.5,13.74,17.99
Physicians & Surgeons,Otolaryngology,3000,5250,6660.91,7600,10125,8,23.1,46.06,104.58,162.39,5.02,2.53,5.53,8.85,16.12,20.29
Physicians & Surgeons,General Practice (Family Medicine),1500,2040.6,7563.68,4000,5000,24.78,39.25,69.41,114.43,244.69,5.28,1.9,3.56,5.26,8.67,12.68
Physicians & Surgeons,Audiology,500,750,3311.93,3500,7500,24.78,43.38,82.27,165.67,307.97,10.19,2.8,4.95,6.96,10.07,14.3
Physicians & Surgeons,Pain Management,1000,1175,2313.56,3000,3346.88,18.54,27.66,52.46,95.58,167.34,3.61,2.64,3.97,5.87,8.94,12.06
Physicians & Surgeons,Optometry,1000,1125,1972.23,2000,4500,14.88,21.33,46.06,93.69,208.51,6.49,2.69,3.71,6.11,10.07,15.49
Physicians & Surgeons,Pediatrics,500,760,3855.78,2500,15000,0.66,15.03,23.81,66.69,208.51,2.36,0.34,3.1,3.22,5.05,8.5
Physicians & Surgeons,Orthopedics,1000,1400,2724.18,3190,7000,3.35,10.28,23.1,57.4,116.75,3.86,1.16,1.95,3.53,6.62,8.85
Physicians & Surgeons,Physical Therapy & Rehabilitation,300,400,1152.19,1625,2500,11.82,21.33,46.99,95.58,204.38,3.33,2.39,3.56,5.05,6.89,11.47
Physicians & Surgeons,z - Other (Specify Keywords Below),750,1000,2179.34,3000,3500,12.68,17.81,57.97,157.59,330.3,1.89,1.46,2.89,4.18,7.03,11.36
Physicians & Surgeons,Surgery,500,1000,1877.47,3000,3500,4.9,10.91,34.12,115.58,242.26,9.53,1.92,2.77,5.75,11.13,16.12
Physicians & Surgeons,Radiology,750,1400,2079.66,2540,3630,7.61,18.92,37.34,74.44,172.43,2.4,1.01,1.88,3.94,8.76,11.47
Physicians & Surgeons,Obstetrics & Gynecology,263.85,750,5369.06,4000,16000,26.05,32.14,56.83,85.63,172.43,5.09,1.11,4.48,5.21,9.03,12.68
Physicians & Surgeons,Internal Medicine,500,795,1778.75,2300,3180,7.32,12.68,52.98,154.47,281.46,10.42,0.95,1.6,3.46,8,16.28
Physicians & Surgeons,Chiropractic,1125,1500,2423.83,2500,5000,28.22,49.9,84.77,144.03,275.89,6.59,4.62,6.96,9.49,13.46,18.36
Physicians & Surgeons,Psychiatry,1000,1000,1973.67,2000,5000,24.29,39.65,75.19,139.77,275.89,5.93,2.2,4.06,4.85,6.11,8.25
Physicians & Surgeons,Respiratory Medicine (Pulmonology),1000,1000,5251.88,9000,9000,32.46,55.15,71.52,101.49,156.02,4.23,3.03,3.49,5.58,9.39,14.73
Physicians & Surgeons,"Endocrinology, Diabetes, & Metabolism",900,900,3435.99,5000,9600,69.41,94.63,159.17,257.24,354.25,1.65,1.51,1.68,3.35,6.36,7.24
Physicians & Surgeons,Palliative (Hospice) Care,1500,1500,2356.86,3000,3000,28.5,40.45,94.63,217.02,399.41,9.66,3.06,3.86,5.75,9.97,12.3
Physicians & Surgeons,Neurology,215.61,750,2156.39,2100,6000,16.61,28.5,60.34,120.3,169.02,0.78,0.55,0.8,1.86,4.06,5.99
Physicians & Surgeons,Gastronenterology,500,1500,3477,2500,10000,7.54,11.59,30.27,80.64,145.47,3.06,2.34,3.1,4.76,8,9.12
Physicians & Surgeons,Alternative Medicine,750,2000,2841.74,3640,3640,27.11,64.72,99.48,174.16,284.29,6.45,3.16,3.56,5.31,7.69,10.7
Physicians & Surgeons,Sports Medicine,1000,2500,2585.98,3000,3000,60.34,83.1,126.47,192.48,262.43,,1.62,3.94,4.1,4.85,5.58
Physicians & Surgeons,Infertility/Reproductive Medicine,1500,2500,3300.37,5000,6000,38.47,75.19,142.59,311.06,478.19,3.42,1.62,2.69,3.1,3.97,4.85
Physicians & Surgeons,Occupational Medicine,1500,1500,1481.85,1500,1500,12.18,15.8,21.12,27.94,36.6,2.68,1.11,1.67,2.29,3.06,3.71
Physicians & Surgeons,Pathology,,,,,,,,,,,5.58,,,,,
Physicians & Surgeons,Osteopathy,500,500,684.26,750,750,1.92,2.72,10.7,27.66,109.95,2.83,0.64,0.94,2.44,5.58,10.7
Physicians & Surgeons,Rheumatology,,,,,,,,,,,5.17,,,,,
Physicians & Surgeons,Diving (Hyperbaric) Medicine,1000,1000,1000,1000,1000,30.88,60.95,99.48,162.39,292.95,6.63,4.71,5.64,6.89,7.77,11.94
Physicians & Surgeons,Geriatric Medicine (Gerontology),,,,,,,,,,,,,,,,
Real Estate,Apartments & Rentals,750,1350,2229.66,2900,3900,24.05,47.94,96.54,204.38,387.61,3.65,1.51,1.93,2.59,3.32,4.9
Real Estate,Real Estate Agent (Residential),500,850,3084.59,3000,8000,28.5,77.48,184.93,478.19,943.88,3.62,1.38,1.92,3.25,5.47,8
Real Estate,Property Management,800,1000,1861.42,1871.43,2500,7.17,38.09,69.41,174.16,317.35,7.23,1.13,2.41,3.9,6.82,9.87
Real Estate,Homes for Sale (For Sale by Owner),750,750,1764.06,2000,3224,5.58,7.32,25.79,115.58,228.15,1.43,0.88,1,3.49,10.18,13.2
Real Estate,Real Estate -- Other Services,1157.14,1500,2086.45,2600,3614.29,47.47,101.49,172.43,365.04,561.16,1.29,2.12,3.46,4.14,5.47,6.42
Real Estate,Homes for Sale (Agent),750,1000,2717.24,3000,5500,29.08,52.46,120.3,254.68,589.93,6.18,1.08,1.48,2.61,4.71,7.61
Real Estate,Storage,1000,1500,4162.62,7000,11000,34.47,64.07,98.49,165.67,265.07,8.24,7.1,9.49,13.2,18.36,23.1
Real Estate,Condominiums,1200,1471,4927.49,4200,16000,4.71,61.56,107.77,340.36,678.58,4.38,1,1.62,2.97,6.17,10.8
Real Estate,Real Estate Broker,500,750,1737.75,2000,3150,35.52,56.83,115.58,210.61,383.75,0.75,1.06,1.62,2.83,4.53,9.12
Real Estate,Commercial Properties for Sale / Rent,1500,2000,5260.37,4000,18000,117.92,206.44,354.25,626.41,1130.03,4.31,3.71,5.31,10.7,17.81,27.11
Real Estate,Land,1400,1900,2093.7,3000,3000,23.34,34.81,101.49,391.51,539.15,4.1,1.88,2.2,2.8,3.82,4.44
Real Estate,z - Other (Specify Keywords Below),600,720,1614.62,2400,3000,28.22,49.4,113.3,265.07,518.01,1.75,1.15,2.1,2.72,4.06,5.81
Religion & Spirituality,Churches,500,500,1174.33,1200,3000,22.42,34.47,64.72,120.3,190.57,1.8,1.14,1.88,3.25,5.64,8.85
Religion & Spirituality,zz - Not For Use,1000,1000,1000,1000,1000,7.61,9.87,29.67,63.43,90.92,,1.57,2.1,4.9,8.08,11.36
Religion & Spirituality,Instruction & Training,1300,1500,6629.42,8700,16000,19.89,46.06,87.36,172.43,304.9,1.34,1.04,1.39,2.08,3.32,4.35
Religion & Spirituality,Associations & Organizations,750,750,872.87,1100,1100,4.9,10.18,32.79,170.72,307.97,,1.95,3.13,5,7.92,9.21
Restaurants & Food,Restaurants,451.99,500,916.07,1000,1600,4.31,11.13,30.27,96.54,194.42,1.4,0.57,1.06,1.84,3.29,5.64
Restaurants & Food,Candy & Sweets,166.67,300,381.21,442.86,650,3.56,7.17,15.18,31.82,59.74,0.93,0.64,1.25,1.82,3,4.31
Restaurants & Food,Caterers,500,700,1120.95,1100,2000,7.61,14.88,35.16,79.04,160.77,5.5,1.55,2.05,3.6,6.42,9.87
Restaurants & Food,Beer & Liquor (excl. Wine),341.67,500,794.46,1000,1000,4.62,16.44,33.12,79.84,175.91,2.74,0.32,0.55,1.65,3.39,7.77
Restaurants & Food,Food & Beverage Services,500,500,1464.09,2500,2750,9.12,26.31,56.83,137,249.64,23.91,1.21,1.73,3.22,5.7,8
Restaurants & Food,Fast Food,300,500,780.15,1100,1500,3.63,7.03,22.2,65.37,145.47,2.49,0.82,1.4,2.16,3.16,6.36
Restaurants & Food,"Grocery, Ethnic & Specialty",750,750,1721.62,1500,5000,9.03,15.03,36.23,86.49,165.67,0.7,0.42,0.68,1.15,2.16,4.81
Restaurants & Food,z - Other (Specify Keywords Below),500,512.5,1003.47,1200,1651.02,5.16,28.5,57.4,152.93,275.89,4.69,0.49,1.22,2.61,6.17,8
Restaurants & Food,Coffee & Tea,1000,1000,1000,1000,1000,,,,,,,0.15,0.23,0.34,0.53,0.71
"Shopping, Collectibles & Gifts (General)",Flowers,142,475,933.56,1000,2375,14.44,22.42,40.45,71.52,121.51,2.12,1.92,2.72,3.71,5.1,6.69
"Shopping, Collectibles & Gifts (General)",Mature Audiences,,,,,,,,,,,5.69,,,,,
"Shopping, Collectibles & Gifts (General)",Outlet Shopping,3000,3000,3851.85,6000,6000,112.17,131.63,223.63,317.35,450.34,3.07,2.25,2.46,3.94,4.66,12.94
"Shopping, Collectibles & Gifts (General)",z - Other (Specify Keywords Below),1250,2000,3632.54,5000,6000,25.28,37.71,79.04,106.7,468.72,2.7,0.54,1,1.88,3.35,4.26
"Shopping, Collectibles & Gifts (General)",Trophies & Awards,,,,,,,,,,,8.23,,,,,
"Shopping, Collectibles & Gifts (General)",Pawnbrokers,500,500,1103.15,1000,2381,15.96,22.65,42.52,77.48,126.47,4.76,2.56,3.42,5.64,9.3,11.36
"Shopping, Collectibles & Gifts (General)",Department Stores,1250,1250,1974.5,2699,2699,4.81,5.81,32.14,184.93,314.19,1.82,1.25,1.62,2.92,4.81,8.08
"Shopping, Collectibles & Gifts (General)",Collectibles,500,500,936.77,1200,1500,38.09,52.98,76.71,111.05,156.02,0.72,2.39,3.25,4.31,5.87,7.46
"Shopping, Collectibles & Gifts (General)",Party & Wedding Supplies,600,600,1021.62,600,3000,11.94,26.31,43.38,81.45,160.77,5.16,2.86,4.57,6.49,9.49,16.12
"Shopping, Collectibles & Gifts (General)",Antiques,750,750,1724.02,3000,3384,40.85,62.18,98.49,162.39,239.85,4.03,3.56,4.95,7.92,14.01,26.31
"Shopping, Collectibles & Gifts (General)",Gifts & Occasions,2000,2000,3077.13,3500,3500,28.5,38.47,57.97,81.45,134.29,1.17,1.54,1.75,2.12,2.53,2.89
"Shopping, Collectibles & Gifts (General)",Shopping Centers & Malls,1000,1000,2608.79,3400,3400,9.68,12.68,27.94,49.9,148.41,0.54,0.26,0.34,0.49,0.7,1.03
Sports & Recreation,Supplements & Diet,,,,,,,,,,,5.78,,,,,
Sports & Recreation,Motorsports,1000,1500,3333.34,4000,9000,7.46,17.29,54.05,160.77,347.23,5.95,0.92,1.34,2.29,3.94,5.87
Sports & Recreation,"Golf Courses, Equipment & Instruction",750,1000,2017.99,2100,3499,7.92,20.09,47.94,119.1,235.1,2.88,1.03,1.97,2.69,3.94,5.93
Sports & Recreation,Sports & Recreation Equipment,1000,1000,1329.66,2000,2000,30.88,39.25,64.72,89.12,164.02,2.53,2.29,3.74,4.57,6.36,8.25
Sports & Recreation,Baseball,1000,1500,2240.43,2500,4285.72,15.96,37.71,83.93,192.48,403.43,0.22,0.14,0.26,0.59,1.38,2.64
Sports & Recreation,Stadiums & Venues,2000,2250,3305.84,2700,5500,0.64,1.16,10.91,97.51,450.34,0.26,0.16,0.26,0.68,1.93,3.03
Sports & Recreation,Athletic Shoes & Clothing,,,,,,,,,,,0.71,,,,,
Sports & Recreation,"Bicycles, Cycling & Biking Supplies",600,750,2185.4,4000,5000,12.18,19.3,29.37,43.82,76.71,0.66,0.6,0.88,1.54,2.75,4.06
Sports & Recreation,"Camping, Camps & Hiking",500,500,2158.77,2200,3500,11.7,21.33,43.82,78.26,221.41,1.26,0.61,1.04,1.7,2.97,3.97
Sports & Recreation,Swimming & Diving,450,820,1322.3,1750,2100,4.66,8.33,18.36,40.45,72.24,0.53,0.43,1.27,2.27,4.26,8.67
Sports & Recreation,Gymnastics,217,400,517.94,550,800,9.87,14.15,27.66,54.6,89.12,2.08,0.73,0.96,1.62,2.61,4.01
Sports & Recreation,Boating & Sailing,750,1000,2086.06,1951,4000,12.68,36.6,76.71,188.67,354.25,5.36,1.72,2.29,3.82,6.42,10.59
Sports & Recreation,"RV & Camper Sales, Rental, Storage & Parts",3000,4000,5203.32,7000,7500,31.19,45.15,107.77,228.15,584.06,2.15,0.81,1.11,1.51,2.16,3.42
Sports & Recreation,Sports & Recreation Instruction,1500,2250,3564.99,5500,5500,22.65,29.96,40.85,50.91,73.7,2,1.51,1.8,2.36,2.97,3.53
Sports & Recreation,Running,1400,1500,1480.43,1500,1500,3.71,4.62,10.91,13.87,66.69,2.4,1.11,1.43,2.34,3,7.46
Sports & Recreation,Aviation & Aeronautics,,,,,,,,,,,3.06,,,,,
Sports & Recreation,"Fishing Tackle, Guides & Charters",350,350,657.9,750,1500,8.25,10.28,31.19,96.54,174.16,2.29,2.83,3.39,5.26,7.85,9.21
Sports & Recreation,Clubs and Organizations,800,1000,1046.89,1100,1100,14.59,21.98,39.25,62.8,111.05,3.03,1.19,1.46,3.19,7.03,8.17
Sports & Recreation,Ice Hockey,500,800,1155.09,1200,3500,19.69,41.26,70.11,127.74,270.43,5.83,2.14,2.75,4.26,6.23,8.94
Sports & Recreation,"Water Sports (Scuba, Surfing, Skiing)",700,700,712.5,700,700,23.34,46.99,69.41,105.64,156.02,3.1,2.56,3.16,3.56,4.26,4.81
Sports & Recreation,Other Sports & Recreation Activities,500,750,1670.6,1900,4500,1.13,13.46,23.34,75.19,175.91,0.49,0.23,1.01,1.49,3.35,5.31
Sports & Recreation,Events,650,700,1274.1,2000,3000,8.5,11.36,18.73,20.09,43.82,7.6,1.54,2.48,3.35,4.71,5.81
Sports & Recreation,"Gambling, Casinos & Sportsbooks",,,,,,,,,,,0.69,,,,,
Sports & Recreation,Games (Board / Card),500,500,547.17,500,500,51.94,55.7,86.49,119.1,125.21,7.01,3.86,4.62,5.81,8.58,10.07
Sports & Recreation,Autographs,,,,,,,,,,,6.48,,,,,
Sports & Recreation,Martial Arts & Self-Defense,500,500,1015.71,2000,2000,41.26,66.69,96.54,142.59,206.44,7.01,2.69,3.86,5.42,7.17,8.5
Sports & Recreation,Parks & Preserves,940.8,1293.6,3554.05,5800,5800,6.62,10.18,20.91,50.4,86.49,2.85,0.8,1.67,2.46,4.62,6.3
Sports & Recreation,Bowling Centers & Equipment,500,500,521.79,500,600,39.25,59.74,91.84,121.51,125.21,1.41,0.3,0.41,0.52,0.71,0.78
Sports & Recreation,z - Other (Specify Keywords Below),750,1000,4684.12,4250,16000,3.25,6.49,26.58,125.21,330.3,13.82,0.7,1.05,2.94,8.67,16.61
Sports & Recreation,Soccer,1437.5,1500,5011.61,8400,10000,51.42,104.58,202.35,424.11,685.4,1.88,0.3,1.11,1.6,3.03,3.82
Sports & Recreation,Canoeing & Kayaking,,,,,,,,,,,2.51,,,,,
Toys & Hobbies,Hobbies,,,,,,,,,,,1.78,,,,,
Toys & Hobbies,Arts & Craft Toys,1100,1100,1112.7,1100,1100,34.81,47.47,65.37,84.77,117.92,2.66,2.34,2.59,3.1,3.67,4.39
Toys & Hobbies,Crafts & Fabrics,,,,,,,,,,,1.01,,,,,
Toys & Hobbies,z - Other (Specify Keywords Below),,,,,,,,,,,2.24,,,,,
Toys & Hobbies,Games,,,,,,,,,,,4.03,,,,,
Toys & Hobbies,Outdoor & Playground Toys,1000,1000,1668.99,2800,2800,83.93,142.59,214.86,354.25,518.01,2.59,1.93,2.69,4.53,7.39,10.91
Travel,Tour Operators & Guides (United States),500,750,1436.45,2000,2500,3.71,8.41,46.99,239.85,473.43,1.26,0.73,1.28,1.93,2.97,5.99
Travel,Hotels & Motels -- Lodging (United States),700,1000,2786.27,2500,4825,3.63,12.55,62.18,259.82,512.86,0.07,0.21,1.22,1.6,3.32,5.1
Travel,Airports,1250,1250,1551.82,1866,2000,9.12,14.01,30.27,45.6,94.63,0.29,0.2,0.25,0.97,3.53,5.87
Travel,Resorts & Vacation Packages / Rentals (International),700,700,1833.57,3000,3000,22.87,54.6,93.69,198.34,284.29,3.5,3.6,4.44,5.47,6.96,7.61
Travel,Resorts & Vacation Packages / Rentals (United States),500,1000,2213.76,3500,4435.65,2.25,6.17,16.61,44.7,116.75,0.43,0.11,0.31,0.72,2.01,3.06
Travel,Last-Minute Deals (United States),500,500,707.11,500,1500,1.11,1.52,2.89,4.81,8.76,0.16,0.04,0.07,0.13,0.22,0.35
Travel,"Taxi, Limousine & Shuttle",650,650,2343.11,4800,4800,11.25,17.29,30.57,54.6,121.51,5.15,1.03,1.55,2.25,5,7.24
Travel,Travel Agencies (United States),1500,1500,1814.61,2000,2000,60.34,91.84,164.02,259.82,544.57,2.68,0.54,1.49,2.25,3.82,9.39
Travel,Bus Lines & Charters,1000,1000,2063.1,2650,4000,13.07,26.31,52.98,113.3,301.87,1.74,2.14,4.1,4.18,6.69,7.39
Travel,Travel Services & Information,750,750,2060.63,2881,4750,17.29,48.91,101.49,254.68,445.86,2.58,0.73,1.49,2.16,3.39,6.23
Travel,z - Other (Specify Keywords Below),2000,2000,2794.22,2300,6666.67,33.45,51.42,138.38,376.15,720.54,1.21,1.02,1.38,2.16,3.19,4.14
Travel,Cruises,1000,1500,3473.45,3233.88,8000,13.46,22.65,47.47,94.63,204.38,0.99,0.54,0.75,1.38,2.29,3.32
Travel,Airlines & Airline Travel (United States),,,,,,,,,,,2.75,,,,,
Travel,Attractions,750,1300,1439.91,1750,1850,2.72,9.78,50.4,228.15,432.68,0.68,0.25,1.14,1.63,3.29,4.57
Travel,Hotels & Motels -- Lodging (International),2000,2000,2278.23,2000,2000,32.14,79.04,132.95,235.1,464.05,3.96,2.77,3.25,4.71,6.62,10.38
Travel,Tour Operators & Guides (International),2700,3000,2963.64,3000,3000,100.48,194.42,298.87,441.42,962.95,3.1,1.63,2.34,3.46,4.66,7.32
Travel,Trains,750,750,1663.48,1750,4000,0.39,2.51,8.76,63.43,170.72,0.84,0.1,0.14,0.42,1.13,1.68
